#BEGIN frameIdx[0], TimeInSec[1], FlagAnimationStart[2], batteryPercent[3], Roll[4], Pitch[5], Yaw[6], Vx[7], Vy[8], Vz[9], Vmag[10], Altitude[11], PosLatitude(ax)[12], PosLongitude(ay)[13], PosElevation(az)[14], DroneTime[15]
809, 2.424, -1, 100, -0.0146433, -0.0431271, 0.0265814, 0, -0, -0, 0, 0, 2064, 2032, 2548, 237824611
810, 41.322, -1, 100, -0.0146084, -0.0431445, 0.0265988, 0, -0, -0, 0, 0, 2064, 2032, 2548, 237869350
811, 81.844, -1, 100, -0.0146433, -0.0430747, 0.0266337, 0, -0, -0, 0, 0, 2060, 2028, 2544, 237904537
812, 120.156, -1, 100, -0.0148004, -0.0429176, 0.0266512, 0, -0, -0, 0, 0, 2064, 2028, 2548, 237944972
813, 159.138, -1, 100, -0.0149051, -0.0429176, 0.0266861, 0, -0, -0, 0, 0, 2064, 2032, 2548, 237974696
814, 198.966, -1, 100, -0.0148702, -0.04297, 0.0267035, 0, -0, -0, 0, 0, 2064, 2032, 2548, 239117289
815, 237.233, -1, 100, -0.0148702, -0.0429526, 0.0267559, 0, -0, -0, 0, 0, 2060, 2032, 2544, 239162211
816, 275.348, -1, 100, -0.0148702, -0.0429002, 0.0267734, 0, -0, -0, 0, 0, 2060, 2032, 2548, 239197306
817, 319.281, -1, 100, -0.0148178, -0.0429002, 0.0267908, 0, -0, -0, 0, 0, 2064, 2032, 2548, 239227641
818, 370.466, -1, 100, -0.0147306, -0.0429351, 0.0268606, 0, -0, -0, 0, 0, 2064, 2032, 2548, 239297923
819, 417.939, -1, 100, -0.0146782, -0.0429351, 0.026913, 0, -0, -0, 0, 0, 2064, 2032, 2548, 239337687
820, 466.326, -1, 100, -0.0147131, -0.0429351, 0.0269653, 0, -0, -0, 0, 0, 2064, 2032, 2544, 239382914
821, 516.744, -1, 100, -0.0148004, -0.0429526, 0.0269828, 0, -0, -0, 0, 0, 2064, 2032, 2544, 239438182
822, 562.908, -1, 100, -0.0147655, -0.0429875, 0.0270002, 0, -0, -0, 0, 0, 2064, 2032, 2544, 239483531
823, 607.526, -1, 100, -0.0147655, -0.0430049, 0.0270352, 0, -0, -0, 0, 0, 2064, 2032, 2548, 239528361
824, 656.135, -1, 100, -0.0147131, -0.0430573, 0.0270352, 0, -0, -0, 0, 0, 2064, 2032, 2548, 239583598
825, 700.149, -1, 100, -0.0146957, -0.0430747, 0.0270875, 0, -0, -0, 0, 0, 2060, 2032, 2548, 239623698
826, 748.449, -1, 100, -0.0146608, -0.0429176, 0.0271224, 0, -0, -0, 0, 0, 2064, 2032, 2548, 239668894
827, 800.107, -1, 100, -0.0146084, -0.0429002, 0.0271573, 0, -0, -0, 0, 0, 2064, 2032, 2548, 239709300
828, 850.766, -1, 100, -0.0145735, -0.0429351, 0.0272097, 0, -0, -0, 0, 0, 2064, 2032, 2544, 239764231
829, 899.212, -1, 100, -0.0146259, -0.0429526, 0.0272446, 0, -0, -0, 0, 0, 2064, 2032, 2544, 239819285
830, 929.214, -1, 100, -0.014591, -0.04297, 0.027262, 0, -0, -0, 0, 0, 2064, 2032, 2548, 239849467
831, 971.643, -1, 100, -0.014556, -0.0429526, 0.027262, 0, -0, -0, 0, 0, 2064, 2032, 2548, 239884715
832, 1021.11, -1, 100, -0.0145386, -0.0428827, 0.0272795, 0, -0, -0, 0, 0, 2060, 2032, 2544, 239934733
833, 1063.59, -1, 100, -0.0145386, -0.0427955, 0.0273144, 0, -0, -0, 0, 0, 2064, 2032, 2544, 239969859
834, 1104.59, -1, 100, -0.0145037, -0.0428653, 0.0273842, 0, -0, -0, 0, 0, 2064, 2032, 2544, 240030223
835, 1144.35, -1, 100, -0.0144513, -0.0428827, 0.0274017, 0, -0, -0, 0, 0, 2064, 2032, 2544, 240060191
836, 1184.95, -1, 100, -0.0144164, -0.0428653, 0.0274715, 0, -0, -0, 0, 0, 2060, 2032, 2544, 241202448
837, 1229.75, -1, 100, -0.014399, -0.0427606, 0.0274889, 0, -0, -0, 0, 0, 2064, 2032, 2544, 241247705
838, 1277.56, -1, 100, -0.0143815, -0.042778, 0.0275238, 0, -0, -0, 0, 0, 2060, 2032, 2544, 241292749
839, 1320.11, -1, 100, -0.0143815, -0.0427606, 0.0275413, 0, -0, -0, 0, 0, 2064, 2032, 2544, 241327967
840, 1364.28, -1, 100, -0.0143641, -0.042778, 0.0275413, 0, -0, -0, 0, 0, 2064, 2032, 2544, 241373041
841, 1413.05, -1, 100, -0.0143466, -0.0426733, 0.0275587, 0, -0, -0, 0, 0, 2064, 2032, 2548, 241433191
842, 1460.71, -1, 100, -0.0143117, -0.0427082, 0.0275762, 0, -0, -0, 0, 0, 2064, 2032, 2548, 241473291
843, 1509.75, -1, 100, -0.0142768, -0.0427431, 0.0276111, 0, -0, -0, 0, 0, 2064, 2032, 2548, 241533533
844, 1562.06, -1, 100, -0.0142419, -0.042778, 0.0275937, 0, -0, -0, 0, 0, 2064, 2032, 2548, 241578730
845, 1608.8, -1, 100, -0.0142244, -0.0427955, 0.0276635, 0, -0, -0, 0, 0, 2064, 2032, 2544, 241618799
846, 1655.94, -1, 100, -0.0141895, -0.042778, 0.0276809, 0, -0, -0, 0, 0, 2064, 2032, 2544, 241674036
847, 1701.93, -1, 100, -0.0141546, -0.042778, 0.0277333, 0, -0, -0, 0, 0, 2064, 2032, 2548, 241719141
848, 1750.48, -1, 100, -0.0141546, -0.0428129, 0.0277333, 0, -0, -0, 0, 0, 2064, 2032, 2548, 241764307
849, 1794.53, -1, 100, -0.0141372, -0.0428478, 0.0277682, 0, -0, -0, 0, 0, 2064, 2032, 2548, 241789423
850, 1834.16, -1, 100, -0.0139277, -0.0420973, 0.0278205, -0.0114007, 0.00731388, 0, 0.0135451, 0, 2064, 2032, 2548, 241874781
851, 1875.59, -1, 100, -0.0137881, -0.0416261, 0.0278031, -0.0146439, 0.00816966, 0, 0.0167686, 0, 2064, 2032, 2548, 241894831
852, 1915.07, -1, 100, -0.0134565, -0.0404567, 0.0278205, -0.0184854, 0.00713137, 0, 0.0198133, 0, 2064, 2032, 2544, 241940149
853, 1960.28, -1, 100, -0.0131772, -0.0395666, 0.0278205, -0.0186859, 0.00668377, 0, 0.0198453, 0, 2064, 2032, 2548, 241980097
854, 1999, -1, 100, -0.0129154, -0.0387812, 0.027838, -0.0186839, 0.00644657, 0, 0.0197648, 0, 2060, 2032, 2548, 242015192
855, 2038.4, -1, 100, -0.0126013, -0.0376293, 0.0278729, -0.0191971, 0.00625355, 0, 0.0201899, 0, 2064, 2032, 2544, 242060236
856, 2080.59, -1, 100, -0.0123395, -0.036809, 0.0278555, -0.0180901, 0.006078, 0, 0.0190839, 0, 2064, 2032, 2544, 242100336
857, 2123.45, -1, 100, -0.0120428, -0.0359189, 0.0278729, -0.0174162, 0.00589968, 0, 0.0183883, 0, 2064, 2032, 2544, 242145624
858, 2164.24, -1, 100, -0.011781, -0.0352382, 0.0279078, -0.0170224, 0.00577621, 0, 0.0179757, 0, 2064, 2032, 2544, 243277780
859, 2206.12, -1, 100, -0.0114494, -0.0342434, 0.0279078, -0.0171779, 0.00573102, 0, 0.0181087, 0, 2060, 2032, 2544, 243323068
860, 2252.2, -1, 100, -0.0111003, -0.0331089, 0.0278904, -0.0169265, 0.00579848, 0, 0.0178922, 0, 2064, 2032, 2544, 243373239
861, 2302.93, -1, 100, -0.0108734, -0.032341, 0.0279253, -0.0162849, 0.00545035, 0, 0.0171728, 0, 2060, 2032, 2544, 243413339
862, 2345.86, -1, 100, -0.0105767, -0.0313287, 0.0278904, -0.0161847, 0.0051931, 0, 0.0169975, 0, 2060, 2032, 2548, 243463784
863, 2384.91, -1, 100, -0.0105418, -0.0304909, 0.0289725, -0.0161464, 0.00438288, 0, 0.0167307, 0, 2064, 2032, 2544, 243508554
864, 2423.41, -1, 100, -0.01028, -0.0298626, 0.0292692, -0.0148321, 0.00453851, 0, 0.0155109, 0, 2060, 2036, 2536, 243543740
865, 2462.59, -1, 100, -0.01028, -0.0291645, 0.0276984, -0.0143862, 0.00430799, 0, 0.0150174, 0, 2060, 2000, 2548, 243583871
866, 2501.98, -1, 100, -0.0100356, -0.0283267, 0.027454, -0.0150123, 0.00350536, 0, 0.0154161, 0, 2060, 2024, 2548, 243619027
867, 2540.71, -1, 100, -0.00980875, -0.0274715, 0.0270526, -0.014568, 0.00433732, 0, 0.0152, 0, 2060, 2024, 2544, 243664193
868, 2585.2, -1, 100, -0.00965167, -0.0266163, 0.0271573, -0.0144272, 0.00422489, 0, 0.0150331, 0, 2060, 2036, 2544, 243704293
869, 2633.29, -1, 100, -0.00947714, -0.0258658, 0.0272097, -0.0138449, 0.00422642, 0, 0.0144756, 0, 2064, 2032, 2544, 243749459
870, 2672.59, -1, 100, -0.00932006, -0.0251153, 0.0271922, -0.0128639, 0.00415661, 0, 0.0135187, 0, 2060, 2032, 2544, 243794625
871, 2718.35, -1, 100, -0.00911062, -0.0243822, 0.027262, -0.0125057, 0.00391184, 0, 0.0131033, 0, 2064, 2028, 2548, 243839669
872, 2764.84, -1, 100, -0.00891863, -0.023719, 0.027262, -0.0121428, 0.00389181, 0, 0.0127512, 0, 2064, 2036, 2548, 243885354
873, 2813.52, -1, 100, -0.00862193, -0.0229685, 0.0272446, -0.0116209, 0.00368137, 0, 0.0121901, 0, 2068, 2032, 2544, 243935281
874, 2852.25, -1, 100, -0.0084823, -0.0224275, 0.0272097, -0.010865, 0.00398064, 0, 0.0115713, 0, 2060, 2028, 2544, 243975137
875, 2890.82, -1, 100, -0.00832522, -0.0220435, 0.0272271, -0.0107399, 0.0040954, 0, 0.0114942, 0, 2056, 2040, 2544, 244005746
876, 2929.76, -1, 100, -0.00834267, -0.0212581, 0.0272271, -0.0113995, 0.00342117, 0, 0.0119018, 0, 2060, 2028, 2544, 244050515
877, 2968.44, -1, 100, -0.00825541, -0.0207171, 0.0272446, -0.0112031, 0.00363853, 0, 0.0117792, 0, 2056, 2028, 2548, 244080545
878, 3006.92, -1, 100, -0.0076969, -0.0202982, 0.0279951, -0.00934605, 0.00465564, 0, 0.0104414, 0, 2052, 2004, 2544, 244130685
879, 3045.68, -1, 100, -0.00783653, -0.0200887, 0.0267908, -0.0103455, 0.00283707, 0, 0.0107275, 0, 2068, 2060, 2552, 244145791
880, 3085.33, -1, 100, -0.00741765, -0.0193382, 0.0265639, -0.00996799, 0.00269985, 0, 0.0103272, 0, 2072, 2048, 2552, 244200875
881, 3124.05, -1, 100, -0.00731293, -0.0187099, 0.0268083, -0.00907069, 0.00327818, 0, 0.00964489, 0, 2068, 2048, 2552, 244251016
882, 3163.07, -1, 100, -0.00724312, -0.0182736, 0.0272446, -0.00900048, 0.00339255, 0, 0.00961863, 0, 2072, 2044, 2548, 245373375
883, 3201.52, -1, 100, -0.00699877, -0.0175231, 0.0276286, -0.00867261, 0.00407178, 0, 0.00958089, 0, 2060, 2020, 2544, 245423516
884, 3239.88, -1, 100, -0.00677188, -0.0172788, 0.0278031, -0.00799644, 0.00376344, 0, 0.00883779, 0, 2056, 2012, 2544, 245448571
885, 3278.62, -1, 100, -0.00628319, -0.0172788, 0.0264068, -0.00740582, 0.00355062, 0, 0.00821298, 0, 2060, 2028, 2540, 245493706
886, 3317.23, -1, 100, -0.00612611, -0.0169122, 0.0260578, -0.00751344, 0.00335197, 0, 0.00822725, 0, 2044, 2004, 2536, 245523827
887, 3355.46, -1, 100, -0.00612611, -0.0164235, 0.0241554, -0.00838955, 0.00189485, 0, 0.00860088, 0, 2068, 2060, 2556, 245568993
888, 3393.91, -1, 100, -0.00574213, -0.0159174, 0.0244346, -0.00812344, 0.00285383, 0, 0.00861014, 0, 2044, 2008, 2536, 245604149
889, 3433.43, -1, 100, -0.00565487, -0.0155509, 0.0228289, -0.00777052, 0.00208879, 0, 0.00804637, 0, 2056, 2032, 2544, 245654259
890, 3471.9, -1, 100, -0.00568977, -0.0147655, 0.0227591, -0.00741477, 0.00275831, 0, 0.0079112, 0, 2048, 2012, 2540, 245689354
891, 3510.32, -1, 100, -0.00568977, -0.0144513, 0.0219039, -0.00762587, 0.00321289, 0, 0.00827505, 0, 2068, 2016, 2540, 245719384
892, 3549.17, -1, 100, -0.00516617, -0.0142768, 0.022218, -0.00701188, 0.00254783, 0, 0.00746042, 0, 2040, 2024, 2544, 245764763
893, 3587.63, -1, 100, -0.00525344, -0.0138405, 0.02056, -0.00791244, 0.00206658, 0, 0.00817786, 0, 2072, 2044, 2560, 245805199
894, 3626.07, -1, 100, -0.00544543, -0.0130027, 0.0205076, -0.00685542, 0.00201871, 0, 0.00714646, 0, 2072, 2004, 2544, 245849846
895, 3664.72, -1, 100, -0.00513127, -0.0129852, 0.0203505, -0.00665308, 0.0028393, 0, 0.00723361, 0, 2064, 2008, 2544, 245874993
896, 3703.21, -1, 100, -0.00509636, -0.0126536, 0.0204553, -0.00674621, 0.00194805, 0, 0.00702184, 0, 2068, 2012, 2548, 245925164
897, 3742.24, -1, 100, -0.00464258, -0.0124966, 0.0206647, -0.00680373, 0.0025815, 0, 0.00727701, 0, 2068, 2052, 2532, 245955376
898, 3781.06, -1, 100, -0.00511381, -0.0117461, 0.0214152, -0.00646772, 0.00231751, 0, 0.00687039, 0, 2072, 2044, 2536, 246000420
899, 3819.71, -1, 100, -0.00466003, -0.0115366, 0.0201062, -0.00554013, 0.00314002, 0, 0.00636811, 0, 2060, 2040, 2544, 246045525
900, 3858.22, -1, 100, -0.00506145, -0.0111352, 0.0193557, -0.00583765, 0.0013646, 0, 0.00599503, 0, 2064, 2036, 2548, 246075707
901, 3896.8, -1, 100, -0.00462512, -0.0116064, 0.0164934, -0.0028729, 0.00305014, 0, 0.0041901, 0, 2076, 2052, 2556, 246120781
902, 3935.65, -1, 100, -0.00403171, -0.0115017, 0.0164235, -0.00511006, 0.00481029, 0, 0.00701795, 0, 2052, 2032, 2532, 246155968
903, 3974.51, -1, 100, -0.00390954, -0.0109607, 0.0136136, -0.0059266, 0.00388967, 0, 0.00708902, 0, 2044, 2012, 2552, 246180992
904, 4014.36, -1, 100, -0.00314159, -0.0113621, 0.0130376, -0.00754376, 0.00111919, 0, 0.00762633, 0, 2072, 2040, 2532, 246231194
905, 4052.89, -1, 100, -0.00446804, -0.00893609, 0.0141895, -0.00740167, -0.000339416, 0, 0.00740944, 0, 2068, 2032, 2516, 246271294
906, 4092.69, -1, 100, -0.00445059, -0.00752237, 0.0137183, -0.0059824, -0.00120935, 0, 0.00610342, 0, 2072, 2036, 2556, 246317009
907, 4131.87, -1, 100, -0.00335103, -0.00877901, 0.0157254, -0.00566868, 0.00178645, 0, 0.00594351, 0, 2060, 2036, 2556, 246351738
908, 4170.87, -1, 100, -0.00293215, -0.00890118, 0.0159698, -0.00552498, 0.0040712, 0, 0.00686295, 0, 2008, 2040, 2548, 247484169
909, 4209.49, -1, 100, -0.00539307, -0.00574213, 0.0185179, -0.0072687, 0.000259813, 0, 0.00727334, 0, 2044, 1992, 2572, 247518989
910, 4248.25, -1, 100, 0.000261799, -0.00432842, 0.0199142, -0.00195096, 0.000692056, 0, 0.00207007, 0, 1984, 2024, 2532, 247559242
911, 4292.16, -1, 100, 0.00233874, -0.00466003, 0.021677, -0.00484441, -0.00186436, 0, 0.00519078, 0, 2060, 2028, 2524, 247604316
912, 4336.63, -1, 100, 0.00312414, -0.00513127, 0.0215548, -0.00394979, -0.00284432, 0, 0.00486734, 0, 2100, 2032, 2556, 247644569
913, 4378.2, -1, 100, 0.00214675, -0.00457276, 0.0220086, -0.0041963, -0.00190403, 0, 0.00460806, 0, 1972, 2040, 2568, 247694496
914, 4422.23, -1, 100, -0.000855211, -0.00462512, 0.0201935, -0.00331054, -0.000728859, 0, 0.00338982, 0, 2016, 2024, 2564, 247734748
915, 4471.19, -1, 100, -0.00356047, -0.00350811, 0.0192859, -0.00216528, 0.00169836, 0, 0.00275188, 0, 2172, 2048, 2628, 247794868
916, 4519.89, -1, 100, -0.00438078, -0.00692896, 0.0197048, -0.00260761, 0.00349025, 0, 0.00435677, 0, 2028, 2044, 2624, 247834968
917, 4569.56, -1, 100, -0.000645772, 0.00232129, 0.0207694, -0.0016566, 0.00528132, 0, 0.00553504, 0, 1956, 2036, 2616, 247890205
918, 4619.37, -1, 100, 0.00410152, 0.00863938, 0.02056, 0.00336693, 0.00312573, 0, 0.00459417, 0, 2112, 2032, 2604, 247930305
919, 4664.29, -1, 100, 0.00511381, 0.0116937, 0.0223926, 0.00471963, -0.000978772, 0, 0.00482005, 0, 2092, 2032, 2584, 247980446
920, 4707.4, -1, 100, 0.00429351, 0.00671952, 0.0221308, 0.00241846, -0.000176306, 0, 0.00242487, 0, 1972, 2024, 2604, 248025673
921, 4754.28, -1, 100, 0.00804597, 0.00375246, 0.0220435, 0.000670281, -0.00142031, 0, 0.00157053, 0, 2128, 2036, 2616, 248065925
922, 4795.51, -1, 100, 0.00521853, -0.000471239, 0.0221308, -0.00115739, -0.00258118, 0, 0.00282879, 0, 2040, 1996, 2568, 248110878
923, 4839.68, -1, 100, 0.00125664, -0.00122173, 0.022061, -0.00354204, -0.000267328, 0, 0.00355211, 0, 2084, 2076, 2708, 248151069
924, 4879.64, -1, 100, -0.00349066, 0.00116937, 0.0220784, -0.00276756, 0.000922823, 0, 0.00291736, 0, 2096, 2016, 2620, 248196235
925, 4924.33, -1, 100, -0.00628319, -0.000890118, 0.0219039, -0.00222246, 0.00432632, 0, 0.00486379, 0, 2024, 2044, 2632, 248236427
926, 4973.71, -1, 100, -0.00670206, -0.00710349, 1.90414, -0.00444964, 0.00440413, -4.04439e-10, 0.00626064, 0, 2080, 2012, 2604, 248291664
927, 5019.16, -1, 100, -0.00219911, -0.00919789, 1.90421, -0.00554403, 0.00307351, 0.00697897, 0.00942809, 0.268, 2044, 1940, 2560, 248336738
928, 5065.91, -1, 100, 0.00279253, -0.0102451, 1.90414, -0.00746088, 0.0403442, 0.149456, 0.154986, 0.294, 2040, 1940, 2596, 248382026
929, 5114.33, -1, 100, 0.006353, -0.0114319, 1.90539, -0.0147038, 0.058066, 0.682999, 0.68562, 0.329, 2072, 2080, 2720, 248421882
930, 5162.44, -1, 100, 0.0108559, -0.00797615, 1.90478, -0.00826402, 0.127523, 0.832362, 0.842114, 0.385, 2084, 2116, 2548, 249579306
931, 5207.92, -1, 100, 0.0178024, -0.00537561, 1.90691, -0.00382675, 0.124101, 0.897504, 0.906051, 0.429, 2028, 1976, 2460, 249619407
932, 5251.86, -1, 100, 0.0247139, -0.00415388, 1.90483, -0.00207678, 0.100401, 0.922796, 0.928244, 0.473, 2040, 2016, 2516, 249659537
933, 5297.31, -1, 100, 0.0294612, -0.00338594, 1.90557, 0.000978026, 0.127872, 0.947081, 0.955675, 0.525, 2048, 2028, 2440, 249704825
934, 5335.66, -1, 100, 0.0315905, -0.00336849, 1.90532, 0.00321581, 0.139731, 0.930757, 0.941193, 0.571, 2080, 2032, 2492, 249750052
935, 5385.97, -1, 100, 0.0340688, -0.00411898, 1.90721, -0.00212067, 0.152988, 0.916197, 0.928885, 0.604, 2068, 2028, 2488, 249785453
936, 5432.07, -1, 100, 0.0387812, -0.00418879, 1.90604, 0.00574966, 0.14019, 0.897218, 0.908123, 0.65, 2040, 1996, 2524, 249835166
937, 5477.85, -1, 100, 0.0413643, -0.00424115, 1.90555, 0.00928763, 0.110471, 0.888948, 0.895834, 0.691, 2048, 2064, 2496, 249880637
938, 5524.89, -1, 100, 0.0395317, -0.00651008, 1.90707, -0.00246865, 0.110193, 0.876093, 0.882999, 0.74, 2024, 1996, 2548, 249935630
939, 5572.44, -1, 100, 0.0374199, -0.00638791, 1.90553, 0.0135939, 0.112075, 0.741905, 0.750445, 0.765, 2020, 2000, 2480, 249970572
940, 5621.58, -1, 100, 0.0359014, -0.00424115, 1.90532, -0.000466726, 0.054265, 0.462033, 0.465209, 0.797, 2056, 2068, 2328, 250030875
941, 5663.32, -1, 100, 0.0338419, -0.00336849, 1.90566, -0.00853866, 0.0720904, 0.329902, 0.337795, 0.812, 2056, 2044, 2344, 250066031
942, 5709.29, -1, 100, 0.0308574, -0.00253073, 1.90586, -0.0314704, 0.0327221, 0.187976, 0.193381, 0.826, 2052, 2036, 2360, 250111411
943, 5757.5, -1, 100, 0.0257611, -0.00010472, 1.90642, -0.0361569, -0.0100348, 0.0516456, 0.063838, 0.835, 2060, 2020, 2396, 250166282
944, 5802.73, -1, 100, 0.0207869, 0.00242601, 1.90569, -0.0385938, -0.0438605, -0.0264886, 0.0641472, 0.837, 2072, 2024, 2428, 250206687
945, 5841.31, -1, 100, 0.0128282, 0.00495674, 1.90648, -0.0343575, -0.0707557, -0.0922652, 0.121242, 0.834, 2056, 2052, 2456, 250251548
946, 5879.72, -1, 100, 0.006353, 0.00663225, 1.90606, -0.0448065, -0.0289803, -0.130395, 0.140891, 0.83, 2064, 2040, 2476, 250286765
947, 5918.02, -1, 100, 0.000191986, 0.00745256, 1.90749, -0.0413406, 0.00148533, -0.163625, 0.168773, 0.823, 2064, 2060, 2508, 250326804
948, 5956.42, -1, 100, -0.00020944, 0.00816814, 1.90595, -0.0344299, -0.0285561, -0.180867, 0.186316, 0.816, 2068, 2068, 2520, 250362113
949, 5994.88, -1, 100, 0.000366519, 0.00905826, 1.90703, -0.0422089, 0.0113388, -0.190605, 0.195552, 0.808, 2072, 2068, 2536, 250397147
950, 6033.53, -1, 100, 0.0010472, 0.00961676, 1.9063, -0.037258, -0.0366523, -0.204329, 0.210907, 0.799, 2032, 2024, 2528, 250427237
951, 6072.75, -1, 100, -0.00198968, 0.00949459, 1.90737, -0.026826, -0.0827051, -0.193893, 0.212495, 0.785, 2068, 2068, 2560, 250482566
952, 6111.49, -1, 100, -0.00602139, 0.00811578, 1.90609, -0.0213187, -0.102472, -0.194876, 0.221205, 0.776, 2008, 2012, 2556, 250512687
953, 6150.78, -1, 100, -0.0126187, 0.00521853, 1.90688, -0.021446, -0.087296, -0.170659, 0.192886, 0.766, 2076, 2024, 2616, 250557608
954, 6190.05, -1, 100, -0.017558, 0.00390954, 1.90604, -0.0321319, -0.0543923, -0.13909, 0.152765, 0.757, 2108, 2072, 2612, 251699835
955, 6229.49, -1, 100, -0.0188146, 0.003735, 1.9063, -0.0311205, -0.0709797, -0.123182, 0.145535, 0.752, 2044, 2052, 2580, 251730230
956, 6267.7, -1, 100, -0.0172439, 0.00357792, 1.90625, -0.0349771, -0.0913031, -0.0977449, 0.138252, 0.748, 2084, 2056, 2592, 251765173
957, 6305.73, -1, 100, -0.0173486, 0.00378736, 1.906, -0.0350634, -0.101537, -0.0739248, 0.130399, 0.745, 2108, 2052, 2596, 251800696
958, 6319.11, -1, 100, -0.0184132, 0.00406662, 1.90559, -0.0321721, -0.106354, -0.0668785, 0.129688, 0.743, 2092, 2052, 2584, 251820318
959, 6357.69, -1, 100, -0.0209789, 0.00387463, 1.9059, -0.0332583, -0.104698, -0.0528785, 0.121918, 0.739, 2008, 2016, 2568, 251860479
960, 6395.89, -1, 100, -0.0225322, 0.00322886, 1.90614, -0.0362114, -0.101975, -0.0266065, 0.111436, 0.737, 2008, 2024, 2564, 251910559
961, 6434.11, -1, 100, -0.0232478, 0.00361283, 1.90531, -0.0370031, -0.0520757, -0.0247637, 0.0685153, 0.735, 2100, 2052, 2572, 251935736
962, 6472.21, -1, 100, -0.0210312, 0.00403171, 1.90655, -0.0430262, -0.0556441, -0.00330852, 0.0704164, 0.735, 2084, 2028, 2564, 251985785
963, 6510.72, -1, 100, -0.0188845, 0.0039619, 1.90527, -0.0456922, -0.0620821, 0.0079078, 0.0774887, 0.736, 2032, 1992, 2568, 252015936
964, 6549.39, -1, 100, -0.017942, 0.00568977, 1.90511, -0.0468907, -0.0529232, 0.0129706, 0.0718877, 0.737, 2032, 2008, 2564, 252066107
965, 6587.52, -1, 100, -0.0175929, 0.00680678, 1.90562, -0.0382865, -0.0472948, 0.0111402, 0.0618608, 0.736, 2056, 2080, 2544, 252096228
966, 6626, -1, 100, -0.0159523, 0.00747001, 1.90454, -0.0392204, -0.0363519, 0.0138604, 0.0552432, 0.737, 2040, 2012, 2532, 252141302
967, 6664.01, -1, 100, -0.0148004, 0.0074351, 1.90546, -0.0363638, -0.0359622, 0.0271926, 0.0579227, 0.739, 2060, 1992, 2564, 252171484
968, 6702.45, -1, 100, -0.0134041, 0.00755728, 1.90579, -0.0403504, -0.0273016, 0.0193945, 0.0524373, 0.74, 2080, 2080, 2540, 252216772
969, 6740.39, -1, 100, -0.0118682, 0.00708604, 1.90536, -0.0402383, -0.0265493, 0.0180541, 0.0514775, 0.74, 2016, 2040, 2520, 252246802
970, 6778.97, -1, 100, -0.00942478, 0.00705113, 1.90499, -0.0382575, -0.0284972, 0.0172096, 0.0507139, 0.741, 2076, 2008, 2548, 252291906
971, 6817.74, -1, 100, -0.00895354, 0.00694641, 1.9055, -0.0419063, -0.0289878, 0.0150976, 0.0531448, 0.742, 2076, 2004, 2548, 252326971
972, 6824.19, -1, 100, -0.00895354, 0.00696386, 1.90562, -0.0386368, -0.0269509, 0.014628, 0.0493268, 0.742, 2068, 2076, 2532, 252337011
973, 6853.82, -1, 100, -0.00865683, 0.00748746, 1.90553, -0.0399208, -0.0328195, 0.00269934, 0.0517501, 0.74, 2084, 2084, 2532, 252372137
974, 6881.6, -1, 100, -0.00879646, 0.00734784, 1.9056, -0.0382894, -0.0310406, 0.00395262, 0.0494492, 0.74, 2024, 2056, 2528, 252387396
975, 6912.28, -1, 100, -0.00902335, 0.00762709, 1.90573, -0.0392271, -0.0234803, 0.00422764, 0.0459125, 0.74, 2040, 2068, 2532, 252422247
976, 6947.26, -1, 100, -0.00942478, 0.00727802, 1.90483, -0.0405588, -0.0176769, 0.00279316, 0.0443316, 0.74, 1984, 2004, 2552, 252452704
977, 6977.3, -1, 100, -0.00849975, 0.00771436, 1.90604, -0.0410672, -0.0174262, 0.00563137, 0.0449655, 0.74, 1972, 2012, 2548, 252487555
978, 7011.44, -1, 100, -0.00724312, 0.00790634, 1.90579, -0.0378883, -0.0205768, 0.0080553, 0.0438613, 0.74, 1976, 2016, 2536, 252522497
979, 7036.62, -1, 100, -0.00671952, 0.00753982, 1.90597, -0.0370338, -0.0209824, 0.0119085, 0.0441993, 0.741, 2044, 2068, 2504, 252543524
980, 7073.7, -1, 100, -0.00644026, 0.00645772, 1.90607, -0.033399, -0.023424, 0.00636913, 0.0412885, 0.74, 2016, 1988, 2584, 252587835
981, 7100.84, -1, 100, -0.00574213, 0.006353, 1.90646, -0.0354144, -0.0236409, -0.00108943, 0.0425942, 0.739, 1980, 2016, 2548, 252608069
982, 7128.93, -1, 100, -0.00581195, 0.00617847, 1.90648, -0.0370386, -0.0219062, 0.00269357, 0.0431161, 0.739, 2048, 1996, 2608, 252637945
983, 7162.26, -1, 100, -0.00698132, 0.00623083, 1.90653, -0.0403456, -0.0182635, 0.0070384, 0.0448426, 0.739, 2040, 2004, 2612, 253770162
984, 7190.45, -1, 100, -0.0069115, 0.00581195, 1.9059, -0.0406689, -0.0153857, 0.0109152, 0.044831, 0.74, 2052, 2056, 2484, 253795370
985, 7223.43, -1, 100, -0.00584685, 0.00616101, 1.90693, -0.041279, -0.0118185, 0.00634349, 0.0434036, 0.739, 2104, 2028, 2592, 253835470
986, 7254.63, -1, 100, -0.00466003, 0.00626573, 1.9066, -0.0427684, -0.00781699, 0.00801496, 0.0442095, 0.739, 2076, 2052, 2616, 253855489
987, 7283.27, -1, 100, -0.00349066, 0.00389208, 1.90689, -0.0353847, -0.0117089, 0.00814925, 0.0381522, 0.739, 2072, 2068, 2612, 253890584
988, 7314.47, -1, 100, -0.0034383, 0.000279253, 1.90698, -0.0362662, -0.0217469, 0.00415311, 0.0424901, 0.738, 2120, 2044, 2588, 253920675
989, 7343.64, -1, 100, -0.00322886, -0.00350811, 1.90754, -0.0446665, -0.0213623, -0.00210301, 0.0495567, 0.737, 2124, 2056, 2612, 253955861
990, 7379.12, -1, 100, -0.00390954, -0.00509636, 1.90714, -0.0509674, -0.0256303, -0.00143537, 0.0570671, 0.736, 2012, 2016, 2496, 253986165
991, 7404.66, -1, 100, -0.00441568, -0.00521853, 1.90724, -0.0538127, -0.019156, 0.00359511, 0.0572335, 0.736, 2132, 2052, 2620, 254011129
992, 7441.33, -1, 100, -0.00455531, -0.00502655, 1.90756, -0.0534532, -0.0199561, 0.00473805, 0.0572533, 0.735, 2032, 2052, 2544, 254056142
993, 7468.5, -1, 100, -0.00520108, -0.00511381, 1.90752, -0.0536589, -0.0175087, -1.07236e-05, 0.0564432, 0.733, 2160, 2060, 2608, 254076375
994, 7496.4, -1, 100, -0.0060912, -0.00324631, 1.90698, -0.0553896, -0.0122775, 0.0107287, 0.0577394, 0.734, 2184, 2056, 2616, 254111440
995, 7527.83, -1, 100, -0.00548033, -0.00303687, 1.90775, -0.0536056, -0.00939704, 0.015123, 0.0564852, 0.734, 2032, 2024, 2560, 254141805
996, 7562.4, -1, 100, -0.00485202, -0.00293215, 1.90754, -0.0619264, -0.00645415, 0.0169925, 0.0645389, 0.734, 1916, 2008, 2504, 254171529
997, 7597.23, -1, 100, -0.00424115, -0.00226893, 1.90761, -0.0728377, -0.00794432, 0.0212924, 0.0763008, 0.735, 1932, 2008, 2532, 254206869
998, 7620.31, -1, 100, -0.00387463, -0.000994838, 1.90785, -0.0758112, -0.0103026, 0.012203, 0.0774751, 0.734, 2040, 2004, 2576, 254226888
999, 7656.71, -1, 100, -0.00392699, 0.000331613, 1.90829, -0.078527, -0.00832367, 0.0163552, 0.0806429, 0.735, 2088, 1988, 2572, 254261953
1000, 7682.61, -1, 100, -0.00361283, 0.00190241, 1.90831, -0.0865407, -0.000428788, 0.0150454, 0.0878399, 0.734, 1948, 1996, 2568, 254292226
1001, 7712.72, -1, 100, -0.00293215, 0.00305433, 1.9078, -0.100408, -0.00652908, 0.0155918, 0.101821, 0.734, 2172, 2060, 2528, 254317068
1002, 7742.57, -1, 100, -0.00164061, 0.00513127, 1.90766, -0.0926622, -0.00557172, 0.0130451, 0.0937417, 0.734, 2080, 1980, 2548, 254347249
1003, 7773.49, -1, 100, -0.00118682, 0.00617847, 1.90808, -0.0829613, -0.0118348, 0.0166256, 0.0854345, 0.734, 1944, 1988, 2560, 254377187
1004, 7803.85, -1, 100, -0.000401426, 0.0103323, 1.90826, -0.0858635, -0.00918588, 0.0100625, 0.0869378, 0.732, 1968, 1972, 2560, 254412435
1005, 7834.2, -1, 100, 0.00015708, 0.0167901, 1.90845, -0.082866, -0.0132337, 0.00969383, 0.0844741, 0.732, 2000, 2044, 2584, 254442434
1006, 7864.54, -1, 100, 0.000383972, 0.021869, 1.90845, -0.0787392, -0.02363, 0.0134624, 0.0833035, 0.732, 1968, 1996, 2572, 254462758
1007, 7894.59, -1, 100, -0.000244346, 0.0330914, 1.90829, -0.0699099, -0.0117843, 0.0147662, 0.0724176, 0.731, 2096, 2016, 2508, 254502706
1008, 7925.45, -1, 100, 0.000401426, 0.0420275, 1.90853, -0.064789, -0.0115847, 0.0188592, 0.0684653, 0.731, 2028, 2004, 2520, 254532766
1009, 7956.57, -1, 100, 0.0010472, 0.0517665, 1.9088, -0.0556419, -0.0136313, 0.0229785, 0.061724, 0.732, 2036, 2004, 2496, 254567861
1010, 7987.01, -1, 100, 0.000820305, 0.0581369, 1.90785, -0.0373073, -0.0159875, 0.01383, 0.0428801, 0.73, 2068, 2032, 2564, 254597982
1011, 8017.34, -1, 100, 0.000837758, 0.0634078, 1.90925, -0.0286815, -0.0133762, 0.0114006, 0.0336381, 0.731, 2068, 2024, 2552, 254633291
1012, 8048.61, -1, 100, 0.00101229, 0.0659211, 1.90871, -0.0196943, -0.0102487, 0.00963073, 0.0242002, 0.731, 2008, 2004, 2484, 254653554
1013, 8079.87, -1, 100, 0.00127409, 0.069499, 1.90885, -0.0190434, -0.0139577, 0.00789666, 0.0248963, 0.731, 2116, 2040, 2572, 254683431
1014, 8110.19, -1, 100, 0.00125664, 0.073042, 1.9086, -0.000813764, -0.0104278, 0.00640861, 0.0122667, 0.731, 2116, 2044, 2588, 254713491
1015, 8141.05, -1, 100, 0.000645772, 0.0766549, 1.90826, 0.0152819, -0.00440885, -0.000327807, 0.0159085, 0.73, 2136, 2044, 2588, 254748647
1016, 8172.12, -1, 100, 0.000733038, 0.0790809, 1.90829, 0.0269907, 0.00391639, -0.000539129, 0.0272786, 0.73, 1988, 2040, 2500, 255870671
1017, 8202.7, -1, 100, 0.000942478, 0.08313, 1.90799, 0.047557, 0.00991082, -0.00692712, 0.0490701, 0.728, 2024, 1996, 2572, 255910893
1018, 8232.77, -1, 100, 0.000715585, 0.0851372, 1.907, 0.0643222, 0.00485778, -0.00493544, 0.0646939, 0.728, 2124, 1996, 2576, 255930943
1019, 8262.87, -1, 100, -0.000244346, 0.0864462, 1.90813, 0.0838216, 0.00065674, -0.000481575, 0.0838256, 0.729, 2140, 2000, 2560, 255966038
1020, 8293.38, -1, 100, -0.000279253, 0.0861844, 1.90833, 0.0956609, -0.00292933, 7.81389e-05, 0.0957058, 0.729, 2144, 2020, 2544, 256001103
1021, 8322.43, -1, 100, 0.000698132, 0.0861844, 1.90813, 0.102327, 0.00672687, -0.0105113, 0.103085, 0.726, 2044, 1964, 2556, 256031163
1022, 8353.16, -1, 100, 0.000872665, 0.0862716, 1.90756, 0.116833, 0.00213517, -0.00255831, 0.11688, 0.727, 1956, 2036, 2548, 256061284
1023, 8385.02, -1, 100, 0.000890118, 0.0867254, 1.90745, 0.141238, 0.0010124, -0.00124227, 0.141247, 0.727, 1968, 2008, 2544, 256096593
1024, 8414.68, -1, 100, 0.00148353, 0.0867603, 1.90771, 0.18144, -0.00162856, -0.000490591, 0.181448, 0.727, 2124, 2044, 2552, 256121495
1025, 8450.78, -1, 100, 0.00258309, 0.0875806, 1.90881, 0.212878, -0.00201436, -0.00983605, 0.213114, 0.724, 2012, 2064, 2548, 256161717
1026, 8476.44, -1, 100, 0.00172788, 0.0874934, 1.90836, 0.238436, -0.0129188, -0.0122703, 0.239101, 0.723, 1996, 2012, 2540, 256181706
1027, 8512.5, -1, 100, -0.000453786, 0.0858178, 1.90738, 0.268951, -0.010794, -0.0184929, 0.269802, 0.72, 2008, 2016, 2544, 256216862
1028, 8537.35, -1, 100, -0.00193732, 0.0844216, 1.90721, 0.290161, -0.00801067, -0.012545, 0.290542, 0.72, 2020, 2024, 2556, 256251988
1029, 8574.72, -1, 100, -0.00263545, 0.0838456, 1.9074, 0.308584, -0.0121304, -0.00798046, 0.308926, 0.72, 2056, 2044, 2540, 256282048
1030, 8602.9, -1, 100, -0.00382227, 0.0846659, 1.90733, 0.329207, -0.0081498, 0.0185988, 0.329833, 0.725, 2064, 2060, 2540, 256317387
1031, 8633.57, -1, 100, -0.005044, 0.0852942, 1.90686, 0.338678, -0.00914337, -8.09944e-05, 0.338801, 0.721, 2036, 2076, 2552, 256337559
1032, 8667.68, -1, 100, -0.00675442, 0.0859924, 1.90777, 0.363374, 0.00309965, -0.0164883, 0.363761, 0.718, 2072, 2036, 2552, 256367589
1033, 8693.47, -1, 100, -0.00799361, 0.0860098, 1.90778, 0.392161, 0.0154661, -0.0106696, 0.392611, 0.718, 2052, 1976, 2564, 256397496
1034, 8722.73, -1, 100, -0.00877901, 0.0857306, 1.90778, 0.407899, 0.0153496, -0.0093374, 0.408294, 0.716, 2020, 2036, 2556, 256427800
1035, 8753.83, -1, 100, -0.00905826, 0.0851023, 1.90791, 0.44784, 0.0149528, 0.00257313, 0.448097, 0.718, 2016, 2092, 2544, 256457646
1036, 8786.61, -1, 100, -0.00923279, 0.0843518, 1.90656, 0.470049, 0.0127254, -0.00503427, 0.470248, 0.716, 2044, 2044, 2568, 256487828
1037, 8814.04, -1, 100, -0.00757473, 0.0836013, 1.9081, 0.496937, 0.0150116, 0.000847463, 0.497165, 0.716, 2012, 2052, 2572, 256522832
1038, 8848.22, -1, 100, -0.00680678, 0.0828159, 1.90726, 0.527263, 0.0226108, 0.00913781, 0.527827, 0.717, 1992, 2036, 2556, 256557957
1039, 8876.45, -1, 100, -0.00685914, 0.0821177, 1.90705, 0.545539, 0.0290736, 0.0121354, 0.546448, 0.717, 2068, 2036, 2600, 256588078
1040, 8907.35, -1, 100, -0.00759218, 0.0818908, 1.90833, 0.563701, 0.0205714, 0.015157, 0.56428, 0.717, 2088, 2064, 2568, 256618169
1041, 8942.03, -1, 100, -0.00830777, 0.0827461, 1.90789, 0.569961, 0.0209899, 0.00572694, 0.570376, 0.715, 2004, 2036, 2536, 256648381
1042, 8968.4, -1, 100, -0.00825541, 0.0842121, 1.9082, 0.565862, 0.0224609, 0.00925728, 0.566383, 0.715, 2084, 2040, 2580, 256673558
1043, 9004.14, -1, 100, -0.00797615, 0.0861145, 1.90756, 0.581714, 0.0212377, 0.0175938, 0.582367, 0.717, 2084, 2020, 2568, 256708470
1044, 9033.37, -1, 100, -0.00762709, 0.0869174, 1.90771, 0.608143, 0.0239194, 0.0200361, 0.608943, 0.717, 2020, 2068, 2540, 256738682
1045, 9060.09, -1, 100, -0.0071384, 0.087057, 1.90719, 0.627529, 0.0376022, 0.0287922, 0.629314, 0.719, 1972, 2052, 2560, 256768773
1046, 9095.92, -1, 100, -0.006353, 0.0866381, 1.90724, 0.677783, 0.0639955, 0.0293032, 0.681428, 0.72, 2096, 2020, 2536, 256793797
1047, 9119.88, -1, 100, -0.00541052, 0.0861145, 1.90791, 0.693338, 0.0700712, 0.0340911, 0.697703, 0.722, 1968, 2024, 2512, 256823918
1048, 9156.62, -1, 100, -0.00424115, 0.0857131, 1.90705, 0.692018, 0.0534046, 0.0487277, 0.695784, 0.726, 2116, 2040, 2548, 257961109
1049, 9181.83, -1, 100, -0.00361283, 0.0857131, 1.90646, 0.704636, 0.0858102, 0.0543668, 0.711921, 0.729, 1992, 2012, 2552, 257986652
1050, 9218.66, -1, 100, -0.00228638, 0.0858877, 1.90681, 0.744618, 0.0956709, 0.0492988, 0.752356, 0.731, 2004, 2004, 2536, 258021534
1051, 9243.84, -1, 100, -0.00153589, 0.0863589, 1.9067, 0.767692, 0.090503, 0.0451595, 0.774327, 0.732, 1972, 2004, 2540, 258041431
1052, 9273.58, -1, 100, -0.000733038, 0.0869349, 1.90599, 0.773732, 0.100421, 0.0426575, 0.781386, 0.733, 1980, 2008, 2560, 258076527
1053, 9310.72, -1, 100, -0.000191986, 0.0864287, 1.90641, 0.814825, 0.101778, 0.0387091, 0.822068, 0.734, 2088, 2032, 2564, 258107014
1054, 9335.16, -1, 100, 0.000366519, 0.0858004, 1.90557, 0.858698, 0.0996809, 0.0352717, 0.865184, 0.736, 2064, 2032, 2508, 258136768
1055, 9365.38, -1, 100, 0.000907571, 0.08594, 1.90578, 0.918144, 0.0696106, 0.0382838, 0.921574, 0.738, 2048, 2028, 2524, 258171772
1056, 9400.3, -1, 100, 0.00146608, 0.0861495, 1.90583, 0.891658, 0.0752267, 0.0340273, 0.895472, 0.739, 2064, 2056, 2572, 258197163
1057, 9427.35, -1, 100, 0.00136136, 0.0860971, 1.90546, 0.922762, 0.0787555, 0.031649, 0.926658, 0.74, 2000, 2028, 2528, 258217091
1058, 9458.36, -1, 100, 0.00279253, 0.0852768, 1.90548, 0.908616, 0.0835487, 0.0266643, 0.912838, 0.741, 1956, 2008, 2556, 258257130
1059, 9496.08, -1, 100, 0.0039968, 0.083706, 1.90552, 0.911353, 0.0553078, 0.0230849, 0.913321, 0.742, 2080, 2060, 2532, 258302235
1060, 9523.36, -1, 100, 0.00424115, 0.0834442, 1.9055, 0.945907, 0.0579642, 0.0326575, 0.948243, 0.745, 2100, 2044, 2504, 258317432
1061, 9552.06, -1, 100, 0.00502655, 0.0827635, 1.90485, 0.951553, 0.0344461, 0.0218469, 0.952427, 0.745, 2040, 2060, 2596, 258357654
1062, 9589.68, -1, 100, 0.00579449, 0.0821003, 1.90525, 0.978513, 0.0124605, 0.0257155, 0.97893, 0.747, 2088, 2072, 2604, 258392628
1063, 9616.34, -1, 100, 0.00567232, 0.0809833, 1.90483, 1.00322, 0.0104295, 0.0226379, 1.00353, 0.748, 2060, 2052, 2548, 258413074
1064, 9652.28, -1, 100, 0.00565487, 0.0787143, 1.90477, 1.00959, 0.0138317, 0.0179033, 1.00984, 0.749, 1916, 2028, 2532, 258453327
1065, 9680.87, -1, 100, 0.00577704, 0.078278, 1.9055, 0.987694, 0.013178, 0.0210633, 0.988007, 0.75, 1960, 2008, 2576, 258472889
1066, 9707.38, -1, 100, 0.00589921, 0.0787493, 1.9044, 0.988551, 0.0163269, 0.0165798, 0.988825, 0.75, 1960, 2060, 2564, 258503071
1067, 9741.58, -1, 100, 0.00668461, 0.0795347, 1.90506, 1.01653, 0.00830023, 0.0164996, 1.0167, 0.752, 2016, 1996, 2532, 258543110
1068, 9770.85, -1, 100, 0.00595157, 0.0791681, 1.90429, 0.977921, -0.000875366, 0.021804, 0.978164, 0.755, 2060, 2044, 2584, 258573200
1069, 9811.51, -1, 100, 0.00436332, 0.0788016, 1.90435, 0.982522, -0.00261455, 0.0163465, 0.982661, 0.755, 2024, 2028, 2572, 258603199
1070, 9856.01, -1, 100, 0.00244346, 0.0788016, 1.90457, 0.992646, -0.00516742, 0.0127496, 0.992741, 0.758, 2040, 2080, 2516, 258663380
1071, 9905.59, -1, 100, 0.00263545, 0.079587, 1.90513, 0.999894, -0.0078548, 0.0113045, 0.999989, 0.759, 1972, 2020, 2576, 258703663
1072, 9944.42, -1, 100, 0.00165806, 0.0804073, 1.90466, 1.00791, -0.00919657, 0.017592, 1.00811, 0.763, 2008, 2048, 2536, 258748951
1073, 9988.63, -1, 100, 0.000767945, 0.0811578, 1.90398, 1.03331, 0.0178048, 0.00767752, 1.03349, 0.763, 1996, 2052, 2532, 258793934
1074, 10036.2, -1, 100, 0.00122173, 0.0807215, 1.90518, 1.08239, 0.017148, 0.000684428, 1.08252, 0.763, 1980, 2004, 2580, 258834156
1075, 10077.4, -1, 100, 0.00191986, 0.0811229, 1.90579, 1.08808, 0.0144673, 0.00267275, 1.08818, 0.765, 2016, 2072, 2540, 258879200
1076, 10121.4, -1, 100, 0.00171042, 0.081472, 1.90522, 1.09348, 0.0146604, 0.00582569, 1.09359, 0.767, 2016, 2056, 2560, 258914356
1077, 10159.7, -1, 100, 0.000401426, 0.0820654, 1.90541, 1.09912, 0.0138387, 0.0079181, 1.09923, 0.77, 2060, 2036, 2520, 260051639
1078, 10198.2, -1, 100, 0.000994838, 0.0828159, 1.90539, 1.10388, 0.0121335, 0.00671562, 1.10397, 0.772, 2028, 1984, 2556, 260096835
1079, 10241.6, -1, 100, 0.00115192, 0.0835664, 1.90628, 1.10804, 0.0089261, -0.00425226, 1.10809, 0.772, 1988, 2056, 2544, 260141818
1080, 10281.4, -1, 100, 0.000767945, 0.0839154, 1.90497, 1.11275, 0.0102158, 0.00391164, 1.11281, 0.774, 2012, 2036, 2532, 260172031
1081, 10323.4, -1, 100, 5.23599e-05, 0.0853466, 1.90492, 1.11811, 0.00991807, 0.00231266, 1.11815, 0.776, 2060, 2020, 2540, 260212161
1082, 10363.8, -1, 100, 0.000837758, 0.0857131, 1.90578, 1.1235, 0.00798446, -0.00978211, 1.12357, 0.776, 1972, 2040, 2560, 260257358
1083, 10405.9, -1, 100, 0.00111701, 0.0860098, 1.90653, 1.12748, 0.00590409, -0.0101336, 1.12754, 0.778, 2020, 2064, 2536, 260302371
1084, 10447.5, -1, 100, 0.00115192, 0.0866556, 1.9063, 1.13145, 0.00453844, -0.020065, 1.13164, 0.777, 2020, 2036, 2544, 260347568
1085, 10492.2, -1, 100, 0.00153589, 0.0867952, 1.90595, 1.13613, 0.00329849, -0.0278892, 1.13647, 0.776, 1996, 2028, 2560, 260387759
1086, 10542, -1, 100, 0.00195477, 0.0861495, 1.90681, 1.14, 0.000256793, -0.0190427, 1.14016, 0.779, 2048, 2000, 2540, 260427829
1087, 10587.9, -1, 100, 1.74533e-05, 0.0856608, 1.90651, 1.142, -0.00128879, -0.0225225, 1.14222, 0.78, 2028, 2024, 2552, 260478000
1088, 10627.2, -1, 100, -0.00312414, 0.0866556, 1.90662, 1.14373, -0.000867227, -0.0310997, 1.14415, 0.779, 2004, 2024, 2552, 260518649
1089, 10665.3, -1, 100, -0.00607375, 0.0882613, 1.90691, 1.14566, -7.34696e-06, -0.0369806, 1.14625, 0.778, 2000, 2000, 2560, 260553348
1090, 10708.7, -1, 100, -0.00747001, 0.0923977, 1.90627, 1.1502, 0.00345914, -0.0230417, 1.15044, 0.782, 2040, 2024, 2536, 260593387
1091, 10753.9, -1, 100, -0.00410152, 0.0878948, 1.90576, 1.15803, 0.0055795, -0.0230484, 1.15828, 0.783, 2004, 2048, 2564, 260648746
1092, 10794.6, -1, 100, -0.000907571, 0.062029, 1.90539, 1.15311, 0.00519902, -0.0317579, 1.15356, 0.782, 1996, 2028, 2560, 260683902
1093, 10837.2, -1, 100, -0.0013439, 0.0321664, 1.90524, 1.13665, 0.00453298, -0.0384282, 1.13731, 0.781, 1984, 1988, 2548, 260719119
1094, 10884.2, -1, 100, -0.00324631, -0.00467748, 1.90477, 1.09914, 0.0059864, -0.0180433, 1.0993, 0.786, 2008, 2020, 2564, 260774234
1095, 10926.7, -1, 100, -0.00308923, -0.030264, 1.90463, 1.05627, 0.00783313, -0.0158019, 1.05642, 0.787, 1984, 2016, 2520, 260819217
1096, 10964.9, -1, 100, -0.00275762, -0.0542797, 1.90497, 1.00962, 0.00782181, -0.015251, 1.00976, 0.789, 2036, 2056, 2560, 260859286
1097, 11006.4, -1, 100, -0.00214675, -0.080704, 1.9052, 0.947583, 0.00829991, -0.0114757, 0.947689, 0.791, 1996, 2032, 2580, 260904391
1098, 11047.1, -1, 100, -0.0026529, -0.0966912, 1.90646, 0.900252, 0.00660349, -0.00504576, 0.90029, 0.794, 2024, 2012, 2544, 260934573
1099, 11089.2, -1, 100, -0.00223402, -0.118368, 1.90473, 0.823785, 0.00959573, -0.00629988, 0.823865, 0.796, 1992, 2004, 2536, 260979800
1100, 11134.3, -1, 100, -0.00176278, -0.137672, 1.90496, 0.739371, 0.00939161, -0.00942227, 0.739491, 0.798, 2012, 2076, 2564, 261024753
1101, 11177.5, -1, 100, -0.00020944, -0.151966, 1.90463, 0.658514, 0.00949517, -0.0018292, 0.658585, 0.802, 2020, 2012, 2516, 262162249
1102, 11223.7, -1, 100, 0.0026529, -0.164846, 1.90346, 0.564065, 0.00934586, -0.00187655, 0.564145, 0.806, 2036, 2044, 2552, 262207323
1103, 11269.3, -1, 100, 0.00876155, -0.173678, 1.90295, 0.449277, 0.0074875, -0.0148881, 0.449586, 0.808, 2028, 2044, 2552, 262262408
1104, 11315.5, -1, 100, 0.0110479, -0.17572, 1.90349, 0.350749, 0.000817121, -0.0114768, 0.350938, 0.812, 2008, 2004, 2492, 262307665
1105, 11362.6, -1, 100, 0.0117112, -0.165859, 1.90321, 0.255259, -0.0052017, -0.0183112, 0.255968, 0.814, 2060, 2020, 2564, 262352862
1106, 11409.3, -1, 100, 0.0093026, -0.136432, 1.90265, 0.139168, 0.0123131, -0.0244832, 0.141841, 0.816, 2024, 2040, 2520, 262392901
1107, 11458, -1, 100, 0.00893609, -0.092869, 1.90211, 0.0509958, 0.0273065, -0.0449016, 0.0732282, 0.815, 2012, 2032, 2564, 262448046
1108, 11502.7, -1, 100, 0.0102276, -0.0674221, 1.90262, 0.0907963, 0.0161501, -0.0564081, 0.108105, 0.814, 2116, 2044, 2528, 262488177
1109, 11548.5, -1, 100, 0.0123046, -0.0482409, 1.90197, 0.136192, 0.0134619, -0.0788539, 0.157948, 0.81, 2048, 2056, 2516, 262538470
1110, 11598.4, -1, 100, 0.0135438, -0.0380656, 1.90208, 0.178923, 0.00929587, -0.0890181, 0.200061, 0.806, 2044, 2028, 2540, 262588580
1111, 11643.2, -1, 100, 0.0150622, -0.0367566, 1.90192, 0.147376, 0.00165217, -0.0920008, 0.173743, 0.803, 2108, 2028, 2572, 262638720
1112, 11686.2, -1, 100, 0.0146259, -0.0353255, 1.90089, 0.149872, 0.00431282, -0.0783197, 0.169158, 0.804, 2056, 2020, 2528, 262668871
1113, 11736.1, -1, 100, 0.0139626, -0.0289376, 1.90175, 0.120174, -0.00342393, -0.0835754, 0.146418, 0.801, 2076, 2048, 2556, 262724047
1114, 11780.9, -1, 100, 0.0123046, -0.0220959, 1.90133, 0.206907, -0.00505132, -0.0797499, 0.221802, 0.8, 2016, 2012, 2556, 262769122
1115, 11826.6, -1, 100, 0.00809833, -0.0204553, 1.90115, 0.31776, 0.00828931, -0.0742333, 0.326422, 0.799, 2088, 2068, 2508, 262814227
1116, 11868.1, -1, 100, 0.00471239, -0.0325853, 1.90093, 0.297764, 0.00664247, -0.074673, 0.307057, 0.798, 2080, 2040, 2568, 262854662
1117, 11903.5, -1, 100, 0.00319395, -0.0451342, 1.9007, 0.333871, 0.00767108, -0.0836762, 0.344283, 0.795, 2060, 2024, 2572, 262889666
1118, 11937.1, -1, 100, 0.000872665, -0.0541052, 1.90176, 0.442563, 0.0182127, -0.0633964, 0.447452, 0.798, 2064, 2028, 2580, 262924639
1119, 11965.2, -1, 100, -0.000628319, -0.0615752, 1.90094, 0.471768, 0.0564568, -0.0540852, 0.478203, 0.8, 2052, 2032, 2524, 262949908
1120, 11994.8, -1, 100, -0.000610865, -0.0750666, 1.90093, 0.477662, 0.0730774, -0.0668181, 0.487818, 0.798, 2072, 2060, 2520, 262985278
1121, 12025.9, -1, 100, 0.00155334, -0.0870919, 1.90166, 0.455417, 0.0640411, -0.0665517, 0.464688, 0.798, 2124, 2024, 2540, 263015032
1122, 12055.2, -1, 100, 0.00429351, -0.095644, 1.90054, 0.368883, 0.0625077, -0.055478, 0.378232, 0.8, 2000, 2060, 2548, 263040026
1123, 12085.6, -1, 100, 0.0071384, -0.102049, 1.90077, 0.336845, 0.0808121, -0.0591865, 0.351423, 0.799, 1996, 2056, 2568, 263075182
1124, 12116.3, -1, 100, 0.00846485, -0.102224, 1.90063, 0.296569, 0.0591267, -0.0698751, 0.310373, 0.797, 2120, 2072, 2504, 263105242
1125, 12147.1, -1, 100, 0.00973894, -0.0983319, 1.9012, 0.235372, 0.0520395, -0.0802692, 0.254069, 0.795, 2084, 2056, 2512, 263140337
1126, 12183.5, -1, 100, 0.0105767, -0.0907222, 1.90066, 0.185043, 0.0218275, -0.0741034, 0.200521, 0.795, 2040, 2040, 2536, 264272615
1127, 12217.5, -1, 100, 0.00963422, -0.0815592, 1.9018, 0.151129, 0.00622278, -0.0818472, 0.171981, 0.793, 2036, 2048, 2504, 264302675
1128, 12239.5, -1, 100, 0.00839503, -0.0750841, 1.90136, 0.126429, -0.00255144, -0.0862602, 0.153074, 0.791, 1988, 2044, 2528, 264323000
1129, 12271.1, -1, 100, 0.00514872, -0.0626748, 1.90234, 0.0724328, -0.00876477, -0.0885234, 0.114716, 0.789, 1968, 2048, 2540, 264357942
1130, 12300.8, -1, 100, 0.00162316, -0.0508065, 1.90192, 0.0377404, -0.0135365, -0.0963875, 0.104394, 0.786, 1964, 2056, 2544, 264393007
1131, 12332, -1, 100, -0.00226893, -0.0401426, 1.90138, 0.0118176, -0.0165034, -0.0978407, 0.099924, 0.783, 2088, 2088, 2496, 264423128
1132, 12364.1, -1, 100, -0.0039968, -0.0248709, 1.90215, -0.0103836, 0.00141509, -0.101493, 0.102033, 0.78, 2080, 2092, 2508, 264458315
1133, 12391.1, -1, 100, -0.00443314, -0.0150971, 1.90162, -0.0202291, 0.00148991, -0.103139, 0.105115, 0.778, 2000, 2080, 2536, 264478334
1134, 12424.1, -1, 100, -0.00509636, 0.00527089, 1.90204, -0.0455187, 0.000591104, -0.104782, 0.114244, 0.774, 1996, 2068, 2548, 264513521
1135, 12452.7, -1, 100, -0.00602139, 0.0221308, 1.90101, -0.0542964, -0.00866301, -0.11479, 0.127279, 0.769, 2088, 2036, 2540, 264543520
1136, 12486.4, -1, 100, -0.00715585, 0.0376293, 1.90038, -0.05545, -0.0133017, -0.11851, 0.131515, 0.763, 2064, 2040, 2556, 264578676
1137, 12517.9, -1, 100, -0.00787143, 0.049707, 1.90101, -0.0605531, 0.00535772, -0.118511, 0.133192, 0.758, 2048, 2040, 2568, 264614015
1138, 12550.2, -1, 100, -0.00862193, 0.0561647, 1.90091, -0.0511628, -0.00344473, -0.11448, 0.12544, 0.755, 2052, 2028, 2528, 264639040
1139, 12575.5, -1, 100, -0.00942478, 0.0606676, 1.90047, -0.0636987, 0.00269322, -0.115445, 0.13188, 0.751, 2092, 2032, 2588, 264664064
1140, 12606.1, -1, 100, -0.00876155, 0.065031, 1.90117, -0.0694761, 0.00404864, -0.112366, 0.132172, 0.747, 2056, 2040, 2592, 264699220
1141, 12635.7, -1, 100, -0.00794125, 0.0673173, 1.90117, -0.0778294, 0.0145484, -0.097052, 0.125252, 0.745, 2164, 2028, 2588, 264729616
1142, 12666.5, -1, 100, -0.00767945, 0.0690452, 1.90171, -0.0727516, 0.0216123, -0.0926729, 0.119784, 0.743, 1948, 2040, 2544, 264754274
1143, 12701.2, -1, 100, -0.00600393, 0.0718378, 1.90166, -0.0640859, 0.0306111, -0.0803047, 0.107205, 0.74, 2136, 2036, 2596, 264800020
1144, 12728.3, -1, 100, -0.00441568, 0.072501, 1.90133, -0.0393061, 0.0855216, -0.083975, 0.126138, 0.737, 2044, 2036, 2584, 264819551
1145, 12763.5, -1, 100, -0.00118682, 0.0720646, 1.90189, -0.029822, 0.0677998, -0.0812943, 0.109977, 0.733, 2004, 2040, 2580, 264854891
1146, 12789.4, -1, 100, 0.00326377, 0.0692023, 1.90197, -0.0180733, 0.0691805, -0.0743202, 0.103131, 0.73, 1976, 2036, 2564, 264889803
1147, 12819.6, -1, 100, 0.00617847, 0.0658338, 1.9022, -0.0265572, 0.0428296, -0.0684285, 0.0849831, 0.728, 2128, 2064, 2596, 264919985
1148, 12853.2, -1, 100, 0.00626573, 0.0595855, 1.90241, -0.00935768, 0.0351187, -0.0627913, 0.0725509, 0.726, 2156, 2032, 2552, 264949861
1149, 12882.3, -1, 100, 0.00385718, 0.0503527, 1.90223, 0.00907097, 0.0340954, -0.0579926, 0.0678817, 0.725, 1988, 2040, 2568, 264975099
1150, 12911.8, -1, 100, 0.00141372, 0.0363901, 1.90208, 0.0123435, 0.0301343, -0.0526232, 0.0618841, 0.723, 2136, 2068, 2596, 265005098
1151, 12946.7, -1, 100, -0.000174533, 0.021677, 1.90271, -0.00787803, 0.0314642, -0.0394288, 0.0510558, 0.724, 2132, 2020, 2556, 265035524
1152, 12977.3, -1, 100, -0.00136136, 0.0058294, 1.90267, -0.0202824, 0.0352013, -0.0269116, 0.0487314, 0.724, 2148, 2028, 2560, 265070467
1153, 13003.7, -1, 100, -0.00136136, -0.00340339, 1.90293, -0.0240718, 0.0350281, -0.0257079, 0.0496721, 0.724, 2132, 2064, 2576, 265090425
1154, 13039.1, -1, 100, -0.00172788, -0.0206298, 1.90309, -0.0547308, 0.0266801, -0.0142045, 0.0625224, 0.725, 1972, 2044, 2540, 265130586
1155, 13066.3, -1, 100, -0.00221657, -0.0279253, 1.90347, -0.0628325, 0.0235127, -0.0139942, 0.0685318, 0.724, 1984, 2004, 2528, 265150606
1156, 13095.4, -1, 100, -0.00359538, -0.0412072, 1.90356, -0.0789041, 0.0400707, -0.0106033, 0.0891288, 0.724, 2124, 2016, 2552, 265190797
1157, 13125.8, -1, 100, -0.003735, -0.0499164, 1.9036, -0.115138, 0.0340885, -0.0096267, 0.120464, 0.724, 2016, 1988, 2524, 265220827
1158, 13157.2, -1, 100, -0.00349066, -0.057718, 1.90407, -0.170514, 0.0295761, -0.0123036, 0.173497, 0.723, 2036, 1984, 2532, 266353410
1159, 13188.1, -1, 100, -0.00347321, -0.0611389, 1.9037, -0.18335, 0.0285846, -0.0115454, 0.185924, 0.723, 2092, 2004, 2548, 266373246
1160, 13219, -1, 100, -0.00376991, -0.0670905, 1.903, -0.213966, 0.0451519, -0.00567822, 0.218752, 0.724, 2100, 2020, 2556, 266408280
1161, 13250.1, -1, 100, -0.00335103, -0.0709476, 1.90379, -0.264287, 0.0550618, -0.0036866, 0.269987, 0.724, 2020, 2000, 2532, 266438432
1162, 13280.7, -1, 100, -0.00310669, -0.07381, 1.90417, -0.284704, 0.0554634, -0.017489, 0.290583, 0.722, 2032, 2060, 2536, 266468583
1163, 13310.9, -1, 100, -0.00270526, -0.0761662, 1.90232, -0.304604, 0.0416878, -0.0149056, 0.307805, 0.721, 2036, 2056, 2536, 266503617
1164, 13341.9, -1, 100, -0.00240855, -0.0778591, 1.90482, -0.332575, 0.0409862, -0.0169846, 0.335521, 0.72, 2080, 2060, 2544, 266533738
1165, 13376.8, -1, 100, -0.00202458, -0.0799012, 1.90459, -0.341271, 0.0762248, -0.0186635, 0.350178, 0.718, 2072, 2068, 2540, 266568833
1166, 13403.2, -1, 100, -0.0018326, -0.0805993, 1.90485, -0.362136, 0.0695212, -0.0220922, 0.36941, 0.716, 2048, 2016, 2560, 266594071
1167, 13437.3, -1, 100, -0.00165806, -0.081088, 1.90428, -0.401366, 0.0533035, -0.0177098, 0.405278, 0.716, 2052, 2064, 2540, 266624009
1168, 13469.3, -1, 100, -0.000925025, -0.0811229, 1.9051, -0.472667, 0.0672601, -0.0168006, 0.477724, 0.714, 2048, 2060, 2536, 266659135
1169, 13495.8, -1, 100, -0.000890118, -0.080512, 1.90442, -0.524534, 0.0452858, -0.0174839, 0.526775, 0.713, 2068, 2064, 2536, 266689286
1170, 13530.3, -1, 100, -0.00109956, -0.0798488, 1.90459, -0.554507, 0.0308587, -0.019485, 0.555707, 0.711, 2060, 2068, 2536, 266724351
1171, 13556.9, -1, 100, -0.001309, -0.0796743, 1.90494, -0.563927, 0.0284592, -0.0157286, 0.564863, 0.71, 2052, 2060, 2528, 266744431
1172, 13587.4, -1, 100, -0.000558505, -0.0786271, 1.90438, -0.594784, 0.0403744, -0.0150595, 0.596343, 0.709, 2056, 2068, 2540, 266774766
1173, 13619.7, -1, 100, 0.000366519, -0.0766374, 1.90429, -0.623176, 0.0303125, -0.0198118, 0.624227, 0.706, 2048, 2076, 2532, 266809922
1174, 13648.1, -1, 100, 0.000261799, -0.074735, 1.90384, -0.697273, 0.0271584, -0.0212391, 0.698125, 0.703, 2052, 2084, 2516, 266844865
1175, 13684.6, -1, 100, -0.000174533, -0.0734784, 1.90464, -0.737729, 0.0140402, -0.0161329, 0.738039, 0.702, 2076, 2048, 2552, 266875047
1176, 13711, -1, 100, -0.000855211, -0.0721868, 1.90176, -0.757567, 0.0163909, -0.0120297, 0.75784, 0.701, 2060, 2072, 2536, 266910203
1177, 13739.9, -1, 100, -0.000698132, -0.0710174, 1.90407, -0.780391, 0.0120372, -0.00684796, 0.780513, 0.701, 2052, 2100, 2496, 266930375
1178, 13771.1, -1, 100, -0.000488692, -0.0696037, 1.90482, -0.814103, 0.00798482, -0.00411347, 0.814153, 0.7, 2056, 2052, 2552, 266960313
1179, 13801.8, -1, 100, -8.72665e-05, -0.068574, 1.90318, -0.840851, 0.00449247, -0.000560274, 0.840863, 0.699, 2052, 2080, 2524, 266995622
1180, 13832.4, -1, 100, 0.000139626, -0.0684693, 1.90536, -0.870573, 0.00112885, 0.00630426, 0.870597, 0.699, 2048, 1992, 2596, 267025407
1181, 13863.1, -1, 100, 0.000750492, -0.0672999, 1.90428, -0.918452, 0.00818337, 0.00725645, 0.918517, 0.698, 2028, 2016, 2584, 267060777
1182, 13893.9, -1, 100, 0.00102974, -0.0662702, 1.9036, -0.933694, 0.0024729, 0.0129263, 0.933787, 0.698, 2048, 2076, 2524, 267080644
1183, 13925.3, -1, 100, 0.00146608, -0.0652928, 1.90532, -0.960142, 0.00972666, 0.0204267, 0.960408, 0.699, 2008, 1996, 2572, 267110825
1184, 13955.5, -1, 100, 0.00169297, -0.0639838, 1.90449, -0.99602, 0.0061112, 0.0263577, 0.996387, 0.7, 1988, 2000, 2548, 267145829
1185, 13985.5, -1, 100, 0.00191986, -0.062954, 1.9051, -0.880203, 0.0269099, 0.0338221, 0.881263, 0.702, 2000, 2024, 2540, 267180924
1186, 14015.8, -1, 100, 0.00205949, -0.0629366, 1.90463, -0.957954, 0.0198809, 0.0249998, 0.958487, 0.7, 2016, 2016, 2532, 267211045
1187, 14045.9, -1, 100, 0.00244346, -0.0634951, 1.90443, -0.994812, 0.0234517, 0.0268839, 0.995452, 0.7, 2136, 2032, 2572, 267236314
1188, 14079.8, -1, 100, 0.00223402, -0.0646644, 1.90504, -0.982585, 0.0352119, 0.0207112, 0.983434, 0.699, 2072, 2044, 2528, 267276292
1189, 14106.8, -1, 100, 0.00190241, -0.0653451, 1.90482, -1.04852, 0.0200855, 0.0255289, 1.04902, 0.7, 2092, 2036, 2564, 267301438
1190, 14145.8, -1, 100, 0.0023911, -0.0665494, 1.9051, -1.13067, 0.0124178, 0.0534264, 1.132, 0.706, 2084, 2000, 2576, 268438629
1191, 14184.2, -1, 100, 0.00340339, -0.0668112, 1.90508, -1.17223, 0.00468271, 0.0399052, 1.17292, 0.705, 2048, 2012, 2568, 268473908
1192, 14223.3, -1, 100, 0.00411898, -0.0678933, 1.90501, -1.21877, 0.000534267, 0.0387817, 1.21939, 0.706, 2124, 2060, 2480, 268513886
1193, 14262.2, -1, 100, 0.00300197, -0.0689929, 1.90492, -1.25297, 0.00115179, 0.0294007, 1.25332, 0.705, 1984, 2004, 2584, 268559113
1194, 14301.4, -1, 100, 0.00233874, -0.0693245, 1.90515, -1.27625, 0.00129906, 0.0308525, 1.27662, 0.705, 1968, 1988, 2556, 268594269
1195, 14340.2, -1, 99, 0.00225147, -0.0704764, 1.90414, -1.30361, -0.00182118, 0.0277575, 1.30391, 0.705, 2200, 2064, 2544, 268634278
1196, 14382, -1, 99, 0.00144862, -0.0701622, 1.90337, -1.35679, 0.00442799, 0.0333551, 1.35721, 0.706, 1996, 2012, 2552, 268679627
1197, 14429.4, -1, 99, 0.000139626, -0.0705811, 1.90264, -1.37658, 0.00690308, 0.0339047, 1.37702, 0.706, 2064, 2040, 2520, 268724671
1198, 14474.5, -1, 99, -0.000715585, -0.0711396, 1.90166, -1.38392, 0.00884073, 0.0309023, 1.38429, 0.706, 2104, 2032, 2556, 268764832
1199, 14521, -1, 99, -0.00123918, -0.0711745, 1.90164, -1.3788, 0.00880763, 0.0245473, 1.37905, 0.705, 2068, 1988, 2516, 268810059
1200, 14568, -1, 99, -3.49066e-05, -0.0712792, 1.90189, -1.37272, 0.00889478, 0.0355864, 1.37321, 0.707, 2176, 2016, 2568, 268865021
1201, 14616.9, -1, 99, 0.00106465, -0.069883, 1.90073, -1.3682, 0.00687477, 0.0405234, 1.36882, 0.709, 2040, 2088, 2548, 268905152
1202, 14663.9, -1, 99, 0.00446804, -0.067457, 1.90248, -1.36125, 0.00790409, 0.0396998, 1.36185, 0.71, 2148, 2072, 2576, 268950440
1203, 14707.4, -1, 99, 0.00630064, -0.0665843, 1.90075, -1.35489, 0.00133477, 0.0467888, 1.3557, 0.712, 2076, 2008, 2544, 268990448
1204, 14745.9, -1, 99, 0.00493928, -0.0671777, 1.90326, -1.34727, 0.00144073, 0.0549134, 1.34838, 0.716, 2080, 2108, 2512, 269035584
1205, 14790.1, -1, 99, 0.0029147, -0.0677537, 1.90066, -1.33973, -0.00371903, 0.0562645, 1.34092, 0.718, 2100, 1944, 2560, 269075836
1206, 14831.4, -1, 99, 0.00195477, -0.0680678, 1.90375, -1.33034, -0.0027843, 0.0554014, 1.33149, 0.721, 2096, 1932, 2516, 269125885
1207, 14873.9, -1, 99, 0.000802851, -0.0679457, 1.90162, -1.32296, -0.00690452, 0.0520187, 1.324, 0.723, 2084, 2092, 2580, 269166077
1208, 14917.2, -1, 99, -0.0010472, -0.0672824, 1.90387, -1.31379, -0.00446678, 0.0426192, 1.31449, 0.723, 2116, 2004, 2556, 269206207
1209, 14964.4, -1, 99, -0.00162316, -0.0666716, 1.90384, -1.304, -0.00502985, 0.0386397, 1.30458, 0.724, 2092, 2076, 2552, 269246430
1210, 15010.1, -1, 99, -0.000645772, -0.0657466, 1.90403, -1.29575, -0.00548933, 0.0356186, 1.29625, 0.724, 2084, 2104, 2512, 269281616
1211, 15056.7, -1, 99, 0.00197222, -0.0684344, 1.90342, -1.28431, -0.00813617, 0.0426031, 1.28504, 0.727, 2116, 1972, 2572, 269341797
1212, 15107.7, -1, 99, 0.0020944, -0.0449771, 1.90421, -1.26957, -0.00925947, 0.0421766, 1.27031, 0.729, 2120, 1988, 2544, 269391876
1213, 15156.9, -1, 99, 0.00305433, -0.00694641, 1.90501, -1.23379, -0.00949923, 0.0445451, 1.23463, 0.732, 2140, 2044, 2572, 270534439
1214, 15205.5, -1, 99, 0.00431096, 0.027838, 1.90583, -1.17553, -0.0122683, 0.0445209, 1.17643, 0.734, 2140, 2000, 2592, 270589401
1215, 15252.6, -1, 99, 0.00497419, 0.0451342, 1.90574, -1.13296, -0.01443, 0.0442071, 1.13391, 0.736, 2084, 2004, 2580, 270624435
1216, 15300.6, -1, 99, 0.00342085, 0.0742812, 1.90576, -1.0411, -0.0167789, 0.0484996, 1.04236, 0.74, 2080, 1996, 2600, 270689651
1217, 15348.1, -1, 98, 0.00312414, 0.0898146, 1.90545, -0.984078, -0.0182476, 0.0497073, 0.985501, 0.742, 2040, 2008, 2556, 270724777
1218, 15390.7, -1, 98, 0.00432842, 0.106709, 1.90672, -0.913824, -0.0191207, 0.0565295, 0.915771, 0.746, 2088, 2036, 2568, 270765029
1219, 15429.3, -1, 98, 0.00479966, 0.122976, 1.90578, -0.838388, -0.0231265, 0.0609942, 0.840922, 0.75, 2088, 2000, 2592, 270805038
1220, 15473.3, -1, 98, 0.00389208, 0.138911, 1.90649, -0.748, -0.0246199, 0.0654421, 0.751261, 0.756, 2184, 2044, 2556, 270850204
1221, 15518.6, -1, 98, 0.00179769, 0.152071, 1.90628, -0.652342, -0.0254086, 0.0648999, 0.656054, 0.761, 2028, 2036, 2536, 270896041
1222, 15564.1, -1, 98, 0.0020944, 0.161443, 1.90637, -0.553411, -0.0261228, 0.0716784, 0.558644, 0.768, 2080, 2032, 2528, 270940750
1223, 15604.1, -1, 98, 0.00115192, 0.16722, 1.90586, -0.466107, -0.0276881, 0.0690496, 0.472007, 0.773, 2084, 2044, 2544, 270980636
1224, 15643.9, -1, 98, -0.00150098, 0.170239, 1.9063, -0.388207, -0.026807, 0.0721239, 0.395759, 0.779, 2152, 2044, 2536, 271015731
1225, 15693.2, -1, 98, -0.00350811, 0.170065, 1.90557, -0.290742, -0.0244353, 0.0620757, 0.298297, 0.785, 1980, 2016, 2512, 271060989
1226, 15738.1, -1, 98, -0.00246091, 0.150779, 1.90536, -0.190543, -0.022988, 0.0599319, 0.201065, 0.792, 1984, 2008, 2524, 271111251
1227, 15790.1, -1, 98, -0.00324631, 0.111352, 1.90522, -0.107559, -0.0217654, 0.0450574, 0.118629, 0.797, 2116, 2028, 2536, 271166274
1228, 15835.2, -1, 98, -0.00403171, 0.0843518, 1.90435, -0.052414, -0.0201317, 0.0291077, 0.0632438, 0.8, 1992, 2012, 2516, 271211563
1229, 15883.4, -1, 98, -0.00558505, 0.0571246, 1.90539, -0.000173411, -0.0185326, 0.0174731, 0.0254715, 0.804, 2064, 1996, 2524, 271266586
1230, 15928, -1, 98, -0.00764454, 0.0384496, 1.90468, 0.0314586, -0.0152952, 0.00582996, 0.0354623, 0.806, 2028, 2056, 2512, 271311874
1231, 15973.9, -1, 98, -0.00813323, 0.0258309, 1.90641, 0.0505514, -0.0124957, -0.00996059, 0.053017, 0.806, 2032, 2032, 2508, 271346847
1232, 16021.4, -1, 98, -0.00757473, 0.0128107, 1.90489, 0.0703618, -0.0101059, -0.0188352, 0.0735369, 0.807, 2096, 2080, 2532, 271392196
1233, 16064.4, -1, 98, -0.00563741, 3.49066e-05, 1.9048, 0.0859135, -0.00821848, -0.0298473, 0.0913211, 0.807, 2096, 2060, 2548, 271442275
1234, 16098.7, -1, 98, -0.00471239, -0.00652753, 1.90552, 0.091569, -0.00784087, -0.0408552, 0.100576, 0.806, 2128, 1976, 2536, 271472427
1235, 16133.8, -1, 98, -0.00434587, -0.0128631, 1.90367, 0.0953722, -0.00716792, -0.050663, 0.108231, 0.804, 2140, 1980, 2544, 271507430
1236, 16160.6, -1, 98, -0.00387463, -0.0180816, 1.90522, 0.0979325, -0.00603926, -0.0563312, 0.113139, 0.803, 2028, 2016, 2536, 272634673
1237, 16191.4, -1, 98, -0.00310669, -0.0230558, 1.90511, 0.0993423, -0.005019, -0.0634789, 0.117999, 0.801, 2048, 2000, 2552, 272669829
1238, 16222.6, -1, 98, -0.00272271, -0.0265639, 1.90396, 0.0993452, -0.00428618, -0.0677768, 0.120339, 0.799, 2048, 2076, 2528, 272699980
1239, 16259, -1, 98, -0.00146608, -0.0300371, 1.90604, 0.0972084, -0.0040905, -0.0527242, 0.110662, 0.801, 2096, 2080, 2536, 272730101
1240, 16284.2, -1, 98, -0.00113446, -0.0322537, 1.9049, 0.0951662, -0.00443648, -0.0584366, 0.111764, 0.799, 2068, 1996, 2552, 272755187
1241, 16315.1, -1, 98, -0.00113446, -0.0354127, 1.9047, 0.0918809, -0.00418806, -0.0716511, 0.116591, 0.795, 2084, 1988, 2564, 272790404
1242, 16348.4, -1, 98, -0.00116937, -0.0373151, 1.90573, 0.0866487, -0.00448983, -0.0751493, 0.114785, 0.793, 2088, 1984, 2580, 272825347
1243, 16378.5, -1, 98, -0.00109956, -0.0377166, 1.90461, 0.0814919, -0.00516292, -0.073381, 0.109783, 0.791, 2080, 2008, 2552, 272855742
1244, 16408.9, -1, 98, -0.00195477, -0.0379435, 1.90562, 0.0755157, -0.00547725, -0.0733866, 0.105443, 0.789, 2088, 1988, 2556, 272890685
1245, 16437.4, -1, 98, -0.00244346, -0.0381005, 1.90559, 0.0723432, -0.00489322, -0.0745282, 0.10398, 0.787, 2088, 1956, 2588, 272910674
1246, 16471.6, -1, 98, -0.00315905, -0.0380482, 1.90653, 0.0650521, -0.00477279, -0.0767224, 0.100702, 0.784, 2076, 2116, 2528, 272955840
1247, 16501.8, -1, 98, -0.00361283, -0.0381878, 1.90562, 0.0630954, -0.00434432, -0.0772344, 0.0998252, 0.783, 2068, 2108, 2524, 272971007
1248, 16535.6, -1, 98, -0.00439823, -0.0374373, 1.90552, 0.0581186, -0.00296997, -0.0770902, 0.0965892, 0.78, 2044, 2016, 2556, 273001158
1249, 16560.1, -1, 98, -0.00438078, -0.0367392, 1.907, 0.0534901, -0.00128057, -0.0748699, 0.0920235, 0.778, 2080, 1984, 2556, 273031035
1250, 16591.6, -1, 98, -0.00312414, -0.0298277, 1.90499, 0.0470745, -0.000319491, -0.0727971, 0.0866922, 0.775, 2096, 2048, 2556, 273076171
1251, 16625, -1, 98, -0.00232129, -0.025953, 1.90607, 0.0465256, 2.8444e-05, -0.0754482, 0.0886401, 0.772, 2044, 2052, 2540, 273106322
1252, 16652.1, -1, 98, -0.00225147, -0.0245568, 1.90497, 0.0460117, 0.000470091, -0.0745384, 0.0875972, 0.771, 2096, 2028, 2560, 273126342
1253, 16685.5, -1, 98, -0.00202458, -0.0238063, 1.90482, 0.0446753, 0.00100785, -0.0723942, 0.0850754, 0.768, 2120, 2004, 2580, 273161498
1254, 16719.8, -1, 98, -0.00174533, -0.0236667, 1.90382, 0.0436976, 0.00142774, -0.0706845, 0.0831133, 0.766, 2068, 2064, 2512, 273191588
1255, 16746.3, -1, 98, -0.00101229, -0.0232303, 1.90454, 0.0426201, 0.00178998, -0.0681462, 0.0803964, 0.764, 2100, 2068, 2524, 273226714
1256, 16774.7, -1, 98, -0.000680678, -0.0227067, 1.90419, 0.0416002, 0.00148223, -0.0569244, 0.0705206, 0.764, 2032, 1992, 2596, 273252043
1257, 16803.7, -1, 98, -0.000366519, -0.0219213, 1.90368, 0.0416008, 0.00191197, -0.0558242, 0.0696464, 0.762, 2112, 2016, 2592, 273281890
1258, 16837.1, -1, 98, -0.000331613, -0.0207171, 1.90387, -0.0886913, 0.0020555, -0.0540386, 0.103878, 0.76, 2092, 2024, 2596, 273316954
1259, 16869.2, -1, 98, 0, -0.0187099, 1.90319, -0.387958, 0.0140324, -0.0407552, 0.390345, 0.761, 2068, 2024, 2584, 273352141
1260, 16894.8, -1, 98, 0.000174533, -0.0150273, 1.90309, -0.473025, 0.00649331, -0.0411972, 0.47486, 0.761, 2152, 2072, 2572, 273367308
1261, 16924.8, -1, 98, 0.00102974, 0.00233874, 1.90286, -0.579772, 0.000303795, -0.0377511, 0.581, 0.76, 2144, 2064, 2524, 273397490
1262, 16958.3, -1, 98, 0.00150098, 0.04297, 1.90206, -0.656006, 0.00309234, -0.0372293, 0.657068, 0.759, 2112, 2064, 2576, 273437407
1263, 16988.4, -1, 98, 0.00139626, 0.0774577, 1.90239, -0.61051, 0.0105375, -0.0395159, 0.611878, 0.758, 2180, 2040, 2540, 273467864
1264, 17019.6, -1, 98, 1.74533e-05, 0.103515, 1.90202, -0.580969, 0.026623, -0.0434426, 0.583199, 0.756, 1988, 2040, 2588, 273493071
1265, 17049.4, -1, 98, 0.000279253, 0.113883, 1.90178, -0.519045, 0.0608456, -0.0417374, 0.524264, 0.755, 2164, 2100, 2580, 273522948
1266, 17079.8, -1, 98, 0.00757473, 0.0846136, 1.90253, -0.466354, 0.125984, -0.0397453, 0.484704, 0.753, 2116, 2016, 2544, 273563109
1267, 17109.4, -1, 98, 0.0238587, 0.0682947, 1.92834, -0.411651, 0.149004, -0.0273454, 0.438642, 0.754, 2252, 2016, 2564, 273588347
1268, 17140.1, -1, 98, 0.0648041, 0.0488692, 1.99043, -0.28662, 0.0926932, -0.0301453, 0.30274, 0.753, 2236, 2104, 2532, 273618163
1269, 17171.4, -1, 98, 0.106744, 0.0260578, 2.08342, -0.23515, 0.087999, -0.0300306, 0.252866, 0.752, 2252, 1880, 2604, 274745436
1270, 17202.9, -1, 98, 0.108507, -0.0039968, 2.23702, -0.181602, 0.0497728, -0.0209399, 0.18946, 0.754, 2068, 1988, 2612, 274785536
1271, 17231.8, -1, 98, 0.0868127, -0.016441, 2.33373, -0.181968, 0.0419643, -0.0182506, 0.187634, 0.754, 2068, 2016, 2580, 274815657
1272, 17263, -1, 98, 0.0654848, -0.0120602, 2.41805, -0.177848, 0.0392989, -0.0092794, 0.182374, 0.756, 2176, 2132, 2544, 274851240
1273, 17292.3, -1, 98, 0.0326551, -0.0201236, 2.4158, -0.157365, 0.0528167, -0.00507111, 0.16607, 0.757, 2248, 2352, 2528, 274870771
1274, 17334.2, -1, 98, -0.08313, -0.0681551, 2.33975, -0.0848909, 0.0937609, 0.00725966, 0.12669, 0.759, 1932, 2044, 2592, 274910963
1275, 17373.8, -1, 98, -0.1346, -0.0996408, 2.27668, -0.0602159, 0.332913, 0.00603787, 0.338369, 0.761, 2040, 2068, 2596, 274951155
1276, 17414.4, -1, 98, -0.110497, -0.0668636, 2.21304, -0.0924946, 0.399058, 0.0130186, 0.409844, 0.764, 2016, 2052, 2576, 275001326
1277, 17459.7, -1, 98, -0.0713491, -0.0156905, 2.17218, 0.0604261, 0.349334, 0.00522882, 0.35456, 0.765, 2272, 2008, 2544, 275046766
1278, 17506.9, -1, 98, -0.0358491, 0.0181165, 2.18887, 0.116569, 0.312835, -0.00648927, 0.333911, 0.764, 2180, 2076, 2612, 275081556
1279, 17547.8, -1, 98, 0.00254818, 0.0290772, 2.17178, 0.216102, 0.33159, -0.0208276, 0.39634, 0.763, 2056, 2068, 2564, 275131605
1280, 17596.6, -1, 98, 0.00600393, 0.0331962, 2.15487, 0.138887, 0.298798, -0.0156134, 0.329869, 0.764, 2036, 2072, 2524, 275171797
1281, 17635.3, -1, 98, 0.00692896, 0.0546463, 2.1277, 0.10504, 0.299107, 0.00818715, 0.31712, 0.77, 2020, 2000, 2540, 275221907
1282, 17681.4, -1, 98, 0.0129852, 0.0715061, 2.10742, 0.117839, 0.277394, 0.00296457, 0.3014, 0.772, 2044, 2036, 2540, 275262098
1283, 17725.2, -1, 98, 0.0171217, 0.0811578, 2.08501, 0.17614, 0.249962, 0.0128718, 0.306059, 0.777, 2040, 2052, 2492, 275302168
1284, 17772.8, -1, 98, 0.018326, 0.0881391, 2.06169, 0.237992, 0.232014, 0.0155601, 0.332735, 0.781, 2104, 2060, 2520, 275352430
1285, 17815.5, -1, 98, 0.0185703, 0.0932529, 2.04186, 0.289053, 0.220345, -0.00780381, 0.363544, 0.78, 1980, 2036, 2472, 275392561
1286, 17854.3, -1, 98, 0.0203156, 0.0968658, 2.02547, 0.353789, 0.19078, -0.0296821, 0.403044, 0.778, 1960, 2016, 2520, 275432692
1287, 17894.1, -1, 98, 0.0205251, 0.0957837, 2.01188, 0.401164, 0.162592, -0.0375904, 0.43449, 0.777, 1984, 2012, 2524, 275467878
1288, 17933.3, -1, 98, 0.0225322, 0.0922581, 1.99734, 0.446948, 0.141023, -0.0582126, 0.47227, 0.774, 2064, 2064, 2508, 275513014
1289, 17971.6, -1, 98, 0.0227067, 0.0891514, 1.98584, 0.474971, 0.120843, -0.0608002, 0.49386, 0.771, 2072, 2068, 2532, 275548017
1290, 18010.1, -1, 98, 0.0214501, 0.0865509, 1.97781, 0.500445, 0.0956436, -0.0725993, 0.514649, 0.767, 2032, 2000, 2552, 275578352
1291, 18049.3, -1, 98, 0.0194604, 0.0827286, 1.96526, 0.553619, 0.0865771, -0.0807847, 0.566141, 0.761, 2008, 2024, 2564, 275628248
1292, 18093.5, -1, 98, 0.0183434, 0.0798663, 1.95538, 0.585091, 0.0699732, -0.106467, 0.598802, 0.753, 2040, 2080, 2496, 275673567
1293, 18138.6, -1, 98, 0.0174533, 0.0784351, 1.95006, 0.607735, 0.0540458, -0.0981758, 0.617982, 0.749, 2028, 1976, 2540, 275703596
1294, 18177.1, -1, 98, 0.0148877, 0.0763232, 1.94302, 0.640271, 0.0649837, -0.108637, 0.652665, 0.74, 2080, 2040, 2540, 276845853
1295, 18215.9, -1, 98, 0.0122871, 0.0745605, 1.93931, 0.659304, 0.0655651, -0.104847, 0.670801, 0.734, 2064, 2044, 2548, 276880979
1296, 18254.6, -1, 98, 0.00916298, 0.0726232, 1.93423, 0.703311, 0.0832763, -0.0960148, 0.714703, 0.728, 2072, 2008, 2628, 276921079
1297, 18293.3, -1, 98, 0.010088, 0.045204, 1.92964, 0.807595, 0.0804798, -0.0800333, 0.815532, 0.723, 2044, 2064, 2560, 276966275
1298, 18331.6, -1, 98, 0.0117461, 0.00383972, 1.92555, 0.793479, 0.0732105, -0.103736, 0.803573, 0.712, 1984, 2024, 2520, 277011533
1299, 18370, -1, 98, 0.0114494, -0.0195826, 1.92368, 0.778096, 0.0683159, -0.0855117, 0.785756, 0.709, 2108, 2016, 2576, 277041562
1300, 18413.5, -1, 98, 0.0109607, -0.0450295, 1.92042, 0.74899, 0.0634352, -0.0874973, 0.756746, 0.7, 1944, 2048, 2572, 277081632
1301, 18458.4, -1, 98, 0.0111177, -0.0662702, 1.91862, 0.786716, 0.0743578, -0.0655648, 0.792937, 0.696, 2040, 1984, 2552, 277122037
1302, 18502.9, -1, 98, 0.0113446, -0.0894307, 1.91599, 0.726979, 0.0684767, -0.0599278, 0.732652, 0.689, 1988, 1988, 2552, 277172055
1303, 18548.9, -1, 98, 0.0101753, -0.104982, 1.91365, 0.76157, 0.0592421, -0.0285879, 0.764405, 0.689, 2100, 2068, 2576, 277212217
1304, 18594.5, -1, 98, 0.0100705, -0.123412, 1.91148, 0.747527, 0.0285425, -0.00388702, 0.748081, 0.687, 2000, 2048, 2604, 277272336
1305, 18643.5, -1, 98, 0.00884882, -0.132069, 1.91119, 0.66467, 0.00555822, 0.00528459, 0.664714, 0.685, 2076, 2032, 2564, 277317563
1306, 18694.6, -1, 98, 0.00825541, -0.138178, 1.91035, 0.580018, -0.0122034, 0.0223306, 0.580576, 0.685, 2136, 2068, 2596, 277372770
1307, 18743.3, -1, 98, 0.00680678, -0.138474, 1.90927, 0.531549, -0.0192282, 0.0345238, 0.533016, 0.686, 2140, 2036, 2560, 277408048
1308, 18789.1, -1, 98, 0.00549779, -0.137916, 1.9092, 0.47625, -0.0191158, 0.0488658, 0.479132, 0.688, 2108, 1992, 2528, 277458371
1309, 18838.9, -1, 98, 0.000174533, -0.138858, 1.90806, 0.427625, -0.0259127, 0.0474799, 0.431033, 0.688, 2056, 1984, 2504, 277508146
1310, 18884.6, -1, 98, -0.00434587, -0.13371, 1.90731, 0.371518, -0.0318664, 0.0505741, 0.376296, 0.688, 2052, 2048, 2576, 277548337
1311, 18931.3, -1, 98, -0.00614356, -0.118106, 1.90747, 0.302537, -0.0303322, 0.0573177, 0.30941, 0.69, 2128, 2044, 2568, 277603605
1312, 18978.7, -1, 98, -0.00638791, -0.104475, 1.90696, 0.253794, -0.0356408, 0.0591523, 0.263023, 0.691, 2040, 1996, 2592, 277633695
1313, 19022.9, -1, 98, -0.00565487, -0.0686787, 1.90737, 0.197222, -0.0392974, 0.0479149, 0.206728, 0.69, 1992, 2044, 2572, 277698911
1314, 19067.6, -1, 98, -0.00488692, -0.0451342, 1.90559, 0.181029, -0.0411823, 0.042171, 0.190384, 0.69, 2104, 1992, 2532, 277739103
1315, 19111.3, -1, 98, -0.00607375, -0.0374373, 1.90606, 0.157454, -0.0449396, 0.0437815, 0.169493, 0.69, 2040, 2044, 2544, 277784147
1316, 19157.6, -1, 98, -0.00776672, -0.0397062, 1.90566, 0.149544, -0.0341466, 0.0498762, 0.161298, 0.69, 2040, 2036, 2572, 278926373
1317, 19196.1, -1, 98, -0.00870919, -0.0404044, 1.90407, 0.132983, -0.0396607, 0.0591832, 0.150864, 0.692, 2020, 2028, 2556, 278961560
1318, 19244.9, -1, 98, -0.00991347, -0.0385194, 1.90625, 0.111878, -0.0356609, 0.0612689, 0.132447, 0.693, 2064, 2056, 2516, 279001812
1319, 19290.4, -1, 98, -0.0129154, -0.0327075, 1.90468, 0.0709005, -0.05281, 0.062937, 0.108521, 0.695, 2060, 2080, 2544, 279056836
1320, 19343.2, -1, 98, -0.0156731, -0.0246964, 1.90597, 0.0623123, -0.0578333, 0.0608745, 0.104562, 0.696, 2064, 2024, 2556, 279112133
1321, 19391.2, -1, 98, -0.0192161, -0.018675, 1.90698, 0.0611561, -0.0509549, 0.0656273, 0.103167, 0.698, 2048, 1980, 2544, 279152264
1322, 19440, -1, 98, -0.0222704, -0.013439, 1.90716, 0.0472948, -0.046729, 0.0632018, 0.0917326, 0.699, 2064, 1972, 2552, 279202435
1323, 19485.1, -1, 98, -0.0241554, -0.00886627, 1.9066, 0.0500908, -0.0272419, 0.0648068, 0.08632, 0.7, 2080, 1972, 2560, 279252514
1324, 19530.3, -1, 98, -0.0255865, -0.00535816, 1.9078, 0.0397884, -0.0201299, 0.0612449, 0.075758, 0.701, 2044, 2080, 2520, 279297650
1325, 19576.7, -1, 98, -0.024103, -0.00240855, 1.90724, 0.0262074, -0.0175603, 0.0640173, 0.071368, 0.702, 2028, 2020, 2564, 279342816
1326, 19624.7, -1, 98, -0.0251153, 0.000872665, 1.90812, 0.019002, -0.017628, 0.0613989, 0.0666457, 0.703, 2040, 2016, 2580, 279393231
1327, 19663.6, -1, 98, -0.025604, 0.00274017, 1.90796, 0.0193611, -0.0154673, 0.0676915, 0.0720849, 0.705, 2124, 2000, 2572, 279423230
1328, 19702.7, -1, 98, -0.0265988, 0.00507891, 1.90761, 0.0305311, -0.00340332, 0.0701945, 0.0766225, 0.707, 2144, 2008, 2556, 279473584
1329, 19741.7, -1, 98, -0.0257262, 0.00586431, 1.90867, 0.0269987, -0.000674609, 0.0636326, 0.0691266, 0.708, 2016, 2032, 2572, 279513531
1330, 19780.6, -1, 98, -0.0236841, 0.00551524, 1.90754, 0.0217369, 0.0216106, 0.0696079, 0.0760577, 0.71, 1992, 2044, 2556, 279548535
1331, 19825.4, -1, 98, -0.0189717, 0.0047822, 1.90943, 0.0181108, 0.0207141, 0.0655647, 0.0711041, 0.711, 2016, 2040, 2524, 279588757
1332, 19870.1, -1, 98, -0.0142768, 0.00347321, 1.90881, 0.0349779, 0.0280346, 0.0689683, 0.0822558, 0.714, 1980, 2032, 2524, 279638928
1333, 19919.2, -1, 98, -0.0105592, 0.00146608, 1.90965, 0.0274777, 0.026115, 0.0832048, 0.0914333, 0.719, 1944, 2024, 2528, 279689068
1334, 19964.9, -1, 98, -0.00797615, -0.00165806, 1.91021, 0.0506866, 0.0415493, 0.0779633, 0.101852, 0.721, 2092, 2052, 2564, 279734387
1335, 20016, -1, 98, -0.00558505, -0.0047822, 1.91033, 0.0522352, 0.0373818, 0.0755914, 0.0991966, 0.724, 2152, 2060, 2564, 279784436
1336, 20062.3, -1, 98, -0.00307178, -0.00837758, 1.91044, 0.0908672, 0.0801877, 0.0743967, 0.142203, 0.727, 2176, 2064, 2548, 279834576
1337, 20107.6, -1, 98, 0.00155334, -0.0122348, 1.91136, 0.0473108, 0.063643, 0.0625779, 0.101018, 0.728, 1976, 2024, 2564, 279875073
1338, 20159.4, -1, 98, 0.00804597, -0.0162665, 1.91112, 0.0144801, 0.0477405, 0.0531753, 0.0729139, 0.729, 1956, 1996, 2528, 281026973
1339, 20207, -1, 98, 0.0113097, -0.0156905, 1.91208, -0.00426495, 0.0127319, 0.0486279, 0.0504477, 0.729, 2084, 2056, 2588, 281072506
1340, 20256.4, -1, 98, 0.0100007, -0.0119031, 1.91203, -0.0175582, 0.00243873, 0.0481047, 0.051267, 0.73, 2004, 1984, 2568, 281127681
1341, 20265.3, -1, 98, 0.0098262, -0.0112574, 1.91222, -0.0168124, 0.00702541, 0.0471303, 0.05053, 0.73, 2104, 2080, 2544, 281137447
1342, 20307.3, -1, 98, 0.00788889, -0.00914553, 1.91206, -0.0261272, 0.00118547, 0.0506929, 0.0570422, 0.732, 2048, 2044, 2492, 281167415
1343, 20349, -1, 98, 0.00645772, -0.00705113, 1.91204, -0.0411942, 0.00345008, 0.0421072, 0.0590075, 0.732, 2056, 1992, 2572, 281212764
1344, 20393.7, -1, 97, 0.00511381, -0.00593412, 1.9119, -0.0359829, -0.00860398, 0.0443465, 0.057753, 0.733, 2064, 2064, 2560, 281257900
1345, 20446.1, -1, 97, 0.00326377, -0.00567232, 1.91138, -0.0345619, -0.0124833, 0.0467119, 0.0594337, 0.735, 2100, 2016, 2572, 281313015
1346, 20494.3, -1, 97, 0.00214675, -0.00459022, 1.91175, -0.0660477, -0.00116901, 0.0523002, 0.0842554, 0.737, 1988, 2064, 2532, 281358150
1347, 20544.6, -1, 97, 0.00237365, -0.00125664, 1.91126, -0.0854027, -0.00164024, 0.0299888, 0.0905297, 0.735, 2032, 2040, 2552, 281413418
1348, 20591.6, -1, 97, 0.0020944, 0.00249582, 1.91211, -0.0712847, 0.00279368, 0.029099, 0.0770458, 0.735, 2152, 2012, 2552, 281453670
1349, 20634, -1, 97, 0.000837758, 0.00586431, 1.9111, -0.100803, -0.00623051, 0.0313356, 0.105745, 0.735, 2004, 2044, 2536, 281498806
1350, 20673.3, -1, 97, -0.000436332, 0.00851721, 1.9125, -0.0831289, -0.016012, 0.0287593, 0.0894086, 0.735, 2036, 2040, 2536, 281534450
1351, 20711.7, -1, 97, -0.00244346, 0.0113272, 1.91098, -0.0780874, -0.0170727, 0.0338005, 0.0867848, 0.736, 2148, 2020, 2564, 281573971
1352, 20753.7, -1, 97, -0.00401426, 0.0135088, 1.91299, -0.0766515, -0.0222383, 0.0343048, 0.0868724, 0.737, 2036, 2040, 2516, 281619289
1353, 20792.3, -1, 97, -0.00548033, 0.0148004, 1.91356, -0.0653059, -0.0211774, 0.0307621, 0.0752306, 0.736, 2128, 2032, 2560, 281659450
1354, 20830.6, -1, 97, -0.00696386, 0.0162839, 1.91311, -0.0813268, -0.0125672, 0.0320861, 0.0883261, 0.737, 2104, 2024, 2568, 281694484
1355, 20875, -1, 97, -0.0079587, 0.0180118, 1.91538, -0.0585076, -0.00412958, 0.0311189, 0.0663972, 0.737, 2080, 2072, 2516, 281739803
1356, 20927.1, -1, 97, -0.00642281, 0.0183958, 1.91316, -0.0612707, -0.00985408, 0.0367923, 0.0721448, 0.738, 2012, 1992, 2576, 281784664
1357, 20971.6, -1, 97, -0.00502655, 0.0178896, 1.91662, -0.0502639, -0.00584027, 0.0373705, 0.0629056, 0.739, 2024, 1972, 2584, 281834774
1358, 21010, -1, 97, -0.00453786, 0.0171566, 1.91388, -0.0379379, -0.00422549, 0.038985, 0.0545616, 0.74, 2040, 1972, 2584, 281869961
1359, 21048.7, -1, 97, -0.00383972, 0.0148877, 1.9158, -0.0341619, -0.0204458, 0.0430391, 0.0586296, 0.742, 2020, 2056, 2540, 281915065
1360, 21088.4, -1, 97, -0.00403171, 0.0129678, 1.91487, -0.0362591, -0.0318418, 0.0454368, 0.0662806, 0.743, 1996, 2036, 2552, 281950283
1361, 21135.8, -1, 97, -0.00649262, 0.0106116, 1.91724, -0.0290129, -0.0228038, 0.0416573, 0.0556515, 0.744, 1988, 2076, 2544, 282000393
1362, 21185.3, -1, 97, -0.00907571, 0.00738274, 1.91562, -0.0291064, -0.0168685, -0.120619, 0.125223, 0.744, 2004, 2092, 2500, 283147746
1363, 21224.9, -1, 97, -0.0105767, 0.00479966, 1.9169, -0.0261433, -0.0333567, -0.369115, 0.37154, 0.733, 2040, 2060, 2364, 283182902
1364, 21274, -1, 97, -0.012514, 0.00115192, 1.9159, -0.0417334, -0.0124628, -0.63938, 0.640862, 0.709, 2048, 2012, 2296, 283238048
1365, 21323.8, -1, 97, -0.0118857, -0.00342085, 1.91658, -0.0353648, 0.02678, -0.66022, 0.661709, 0.699, 2044, 2028, 2444, 283283305
1366, 21373.2, -1, 97, -0.00747001, -0.006353, 1.91613, 0.0033376, 0.0764858, -0.737464, 0.741428, 0.673, 2028, 2020, 2448, 283338511
1367, 21421.7, -1, 97, -0.0015708, -0.0107512, 1.91698, -0.0140425, 0.0953413, -0.754975, 0.761101, 0.653, 2024, 2036, 2472, 283378581
1368, 21463.6, -1, 97, 0.00394444, -0.0155334, 1.91677, 0.00103932, 0.0527891, -0.772205, 0.774008, 0.623, 2052, 2016, 2496, 283428630
1369, 21517.3, -1, 97, 0.00436332, -0.0195651, 1.9167, -0.0166971, -0.00421747, -0.760894, 0.761089, 0.593, 2080, 2024, 2516, 283483958
1370, 21559.3, -1, 97, -0.00197222, -0.0213803, 1.91651, -0.017332, -0.0153167, -0.774637, 0.774982, 0.564, 2064, 2012, 2556, 283524058
1371, 21597.7, -1, 97, -0.00815069, -0.0219039, 1.91681, -0.0139818, -0.019102, -0.780387, 0.780746, 0.538, 2092, 2012, 2556, 283559154
1372, 21636.5, -1, 97, -0.013282, -0.0218341, 1.91749, -0.0344311, -0.0290707, -0.784546, 0.785839, 0.503, 1992, 2040, 2528, 283604289
1373, 21675, -1, 97, -0.0163537, -0.0222704, 1.91618, -0.0529528, -0.0311544, -0.783856, 0.78626, 0.48, 2060, 2076, 2560, 283634471
1374, 21713.6, -1, 97, -0.019443, -0.0202109, 1.91574, -0.111229, -0.0260734, -0.782086, 0.790386, 0.446, 2072, 1988, 2556, 283679728
1375, 21752.4, -1, 97, -0.0217817, -0.0141895, 1.91494, -0.0664758, -0.0257646, -0.789721, 0.792933, 0.41, 2004, 2064, 2544, 283724742
1376, 21791.1, -1, 97, -0.0229162, -0.0104545, 1.91417, -0.11567, -0.0210712, -0.789757, 0.79846, 0.387, 2108, 2052, 2568, 283754893
1377, 21833.8, -1, 97, -0.0224973, -0.00790634, 1.91288, -0.0675504, -0.0189391, -0.786808, 0.78993, 0.352, 2048, 2016, 2556, 283800090
1378, 21872.4, -1, 97, -0.0216072, -0.00741765, 1.91272, -0.0487717, -0.0154258, -0.788551, 0.790209, 0.328, 2044, 2060, 2556, 283830058
1379, 21917, -1, 97, -0.0193906, -0.00823795, 1.91077, -0.034964, -0.0104903, -0.767428, 0.768296, 0.297, 2064, 2020, 2588, 283875346
1380, 21955.7, -1, 97, -0.0168948, -0.00781908, 1.91096, -0.0412784, -0.00688814, -0.757019, 0.758175, 0.271, 2004, 2028, 2548, 283915446
1381, 21994, -1, 97, -0.0204378, -0.0122173, 1.91049, -0.0854461, -0.00171801, -0.743824, 0.748717, 0.245, 2108, 2032, 2556, 283960612
1382, 22032.3, -1, 97, -0.0202284, -0.0143117, 1.90949, -0.0654645, -0.000181711, -0.708564, 0.711582, 0.23, 2104, 2040, 2528, 283996074
1383, 22070.7, -1, 97, -0.0198618, -0.0138754, 1.90866, -0.15558, -0.000546391, -0.768787, 0.784371, 0.204, 2072, 2024, 2488, 284030894
1384, 22109, -1, 97, -0.0182561, -0.0115192, 1.90895, -0.196188, 0.00229075, -0.757781, 0.782769, 0.193, 2044, 2012, 2472, 284065989
1385, 22153.1, -1, 97, -0.00745256, 0.00244346, 1.90763, -0.230318, 0.0115266, -0.631232, 0.672036, 0.2, 2056, 2060, 2476, 285213404
1386, 22199.1, -1, 97, -0.000279253, 0.011973, 1.90716, -0.243972, 0.00770337, -0.76205, 0.800189, 0.167, 2052, 1996, 2464, 285258509
1387, 22246.8, -1, 97, 0.00781908, 0.00980875, 1.90614, -0.194999, -0.00933332, -0.78543, 0.809328, 0.124, 2088, 2008, 2632, 285313593
1388, 22292.6, -1, 97, -0.00397935, -0.0193382, 1.90855, 0, -0, -0, 0, 0, 2124, 1920, 3148, 285348627
1389, 22337.6, -1, 97, -0.0178373, 0.0074002, 1.9259, 0, -0, -0, 0, 0, 2052, 1944, 2344, 285399073
1390, 22389.5, -1, 96, -0.0087441, -0.0145735, 1.92726, 0, -0, -0, 0, 0, 2096, 1992, 2500, 285454249
1391, 22409, -1, 96, -0.0113272, -0.012898, 1.92775, 0, -0, -0, 0, 0, 2048, 1984, 2528, 285474116
#END 
